Tool names,DOI,Domain,Year Published,Web-based,Controlled access (for web-based): does it require login or sign up or payment?,Command-line,Both,Package manager availability - Anaconda,Package manager availability - Bioconductor,Package manager availability - R package manager (includes CRAN),Package manager availability - Python based package manager (includes pypi),Package manager availability - Other (homebrew and ubuntu),Thread availability,Docker support,Number of releases - Stand alone website,Number of releases - Anaconda,Number of releases for Pypi,Number of releases for CRAN/R,Number of releases for Bioconductor,Number of releases for Github/Sourceforge,Number of Releases per Year for standalone website,Number of releases per year for Anaconda,Number of releases per year for Pypi,Number of releases per year for CRAN,Number of releases per year for Bioconductor,Number of releases per year for github and source forge,Required Expertise,Has_Documentation,Has_Package_Manager,Has_Toy_Examples,Source Code Link,Link is Broken,Storage location - Github / Gitlab / sourceforge / Google code / bitbucket,Storage location anaconda,Storage location mamba,Storage location docker,Storage location python,Storage location bioconductor,Storage location other,Storage location for tools on web server,Comparison to other tools in the original publication - only note whether benchmarked or not.,License,Number of citations,Citations per year,Verification
allelecounter,https://doi.org/10.1186/s13059-015-0762-6,Allele specific expression,2015,N,N,N,N,N,N,N,N,N,N,N,0,0,0,0,0,0,0,0,0,0,0,0,,N,N,N,,N,,,,,,,,,N,N,,,
GOseq,https://doi.org/10.1186/gb-2010-11-2-r14,Allele specific expression,2010,Y,Y,Y,N,N,Y,N,N,N,N,Y,0,0,0,0,31,1,0,0,0,0,1.9375,0.0625,"1,2,3",Y,Y,Y,http://bioinf.wehi.edu.au/software/goseq/,N,https://github.com/federicomarini/goseq,,,https://biocontainers.pro/tools/bioconductor-goseq,,https://www.bioconductor.org/packages/release/bioc/html/goseq.html,,,N,LGPL (>= 2),6597,439.8,
Airpart,https://doi.org/10.1093/bioinformatics/btac212,Allele specific expression,2022,N,N,Y,N,Y,Y,N,N,N,N,N,0,1,0,0,46,1,0,0.25,0,0,11.5,0.25,"1,2,3",Y,Y,Y,https://bioconductor.org/packages/airpart,N,https://github.com/Wancen/airpart,https://anaconda.org/bioconda/bioconductor-airpart,,n,n,https://bioconductor.org/packages/release/bioc/html/airpart.html,n,n,Y,GPL2,13,4.333333333,
TargetGene,https://doi.org/10.1093/nar/gkad901,Allele specific expression,2024,Y,N,N,N,N,N,N,N,N,N,N,1,0,0,0,0,0,1,0,0,0,0,0,"1,3",Y,N,Y,https://ngdc.cncb.ac.cn/targetgene/,N,n,n,,n,n,n,n,https://ngdc.cncb.ac.cn/targetgene/,N,"Free for academic use, contact for commercial use",2,2,
EAGLE,https://doi.org/10.1038/nmeth.4298,Allele specific expression,2017,N,N,Y,N,N,N,N,N,N,N,N,0,0,0,0,0,1,0,0,0,0,0,0.1111111111,"1,3",Y,N,Y,https://github.com/davidaknowles/eagle,N,https://github.com/davidaknowles/eagle,,,,,,,,Y,No License,152,19,
aFC,https://doi.org/10.1101/078717,Allele specific expression,2017,N,N,Y,N,N,N,N,N,N,N,N,0,0,0,0,0,1,0,0,0,0,0,0.1111111111,1,Y,N,N,https://github.com/secastel/aFC,N,https://github.com/secastel/aFC,,,,,,,,N,No License,154,19.25,
phASER,https://doi.org/10.1038/ncomms12817,Allele specific expression,2016,N,N,Y,N,Y,N,N,N,N,Y,N,0,1,0,0,0,1,0,0.1,0,0,0,0.1,"1,2,3",Y,Y,Y,https://github.com/secastel/phaser,N,https://github.com/secastel/phaser,https://anaconda.org/bioconda/phASER,,,,,,,Y,GPL3,139,15.44444444,
Polysolver,https://www.nature.com/articles/nbt.3344,Allele specific expression,2015,N,N,Y,N,N,N,N,N,N,N,Y,0,0,0,0,0,1,0,0,0,0,0,0.09090909091,"1,3",Y,N,Y,http://www.broadinstitute.org/cancer/cga/polysolver,Y,Forks found in : https://github.com/jason-weirather/hla-polysolver AND https://github.com/researchapps/polysolver AND https://github.com/tanyaphung/run_hla_polysolver,,,https://hub.docker.com/r/eddiebroad/polysolver and https://hub.docker.com/r/sachet/polysolver/tags/,,,,,Y,BDS License,762,76.2,
TensorQTL,https://genomebiology.biomedcentral.com/articles/10.1186/s13059-019-1836-7,Allele specific expression,2019,N,N,N,N,N,N,N,N,N,N,N,0,0,0,0,0,0,0,0,0,0,0,0,,N,N,N,,N,,,,,,,,,N,N,,,
RASQUAL,"https://doi.org/10.1038/ng.3467
  https://www.ncbi.nlm.nih.gov/pmc/articles/pmc5098600/",Allele specific expression,2016,N,N,Y,N,N,N,N,N,N,Y,Y,0,0,0,0,0,1,0,0,0,0,0,0.1,"1,3",Y,N,Y,https://github.com/natsuhiko/rasqual,N,https://github.com/natsuhiko/rasqual,,,https://hub.docker.com/r/ndatth/rasqual,,,,,Y,N,,,
ANEVA-DOT/ANEVA,https://doi.org/10.1126/science.aay0256,Allele specific expression,2019,N,N,Y,N,N,N,N,N,N,N,Y,0,0,0,0,0,1,0,0,0,0,0,0.1428571429,1,Y,N,N,As reference : https://doi.org/10.5281/zenodo.3406690 and https://doi.org/10.5281/zenodo.3406688,N,https://github.com/PejLab/ANEVA-DOT and https://github.com/PejLab/ANEVA,,,https://hub.docker.com/r/weisburd/anevadot,,,,,Y,Apache License Version 2.0,111,18.5,
MAMBA,https://doi.org/10.1093/bioinformatics/btv074,Allele specific expression,2015,N,N,Y,N,N,N,N,N,N,N,N,1,0,0,0,0,0,0.1,0,0,0,0,0,"1,3",Y,N,Y,http://www.well.ox.ac.uk/~rivas/mamba/,Y,,,,,,,,"https://web.archive.org/web/20161126130052/http://birch.well.ox.ac.uk/%7Erivas/mamba//, 
  https://www.mv.helsinki.fi/home/mjxpirin/download.html",N,n,95,9.5,
WASP,https://doi.org/10.1038/nmeth.3582,Allele specific expression,2015,N,N,Y,N,N,N,N,N,N,N,N,0,0,0,0,0,9,0,0,0,0,0,0.8181818182,"1,3",Y,N,Y,https://github.com/bmvdgeijn/WASP/,N,https://github.com/bmvdgeijn/WASP/,,,,,,,,N,Apache-2.0,595,59.5,
POSTRE,https://doi.org/10.1093/nar/gkad225,Allele specific expression,2023,Y,N,Y,Y,N,N,N,N,N,N,N,1,0,0,0,0,1,0.5,0,0,0,0,0.3333333333,"1,3",Y,N,Y,https://github.com/vicsanga/Postre?tab=readme-ov-file#Rfunction,N,https://github.com/vicsanga/Postre?tab=readme-ov-file#Rfunction,n,,n,n,n,n,https://github.com/vicsanga/Postre?tab=readme-ov-file#Rfunction,Y,GPL 3,10,5,
SMAP design,https://doi.org/10.1093/nar/gkad036,Allele specific expression,2023,N,N,Y,N,N,N,N,N,N,N,N,6,0,0,0,0,1,3,0,0,0,0,0.3333333333,"1,2,3",Y,Y,Y,https://gitlab.com/ilvo/smap-design,N,https://gitlab.com/ilvo/smap-design,n,,n,n,n,n,n,N,GNU AFFERO GENERAL PUBLIC LICENSE v3,7,3.5,
xQTLbiolinks,https://doi.org/10.1093/bib/bbad440,Allele specific expression,2024,N,N,Y,N,N,N,N,N,N,N,N,1,0,0,0,0,1,1,0,0,0,0,0.5,"1,3",Y,N,Y,https://github.com/lilab-bioinfo/xQTLbiolinks,N,https://github.com/lilab-bioinfo/xQTLbiolinks,n,,n,n,n,https://dingruofan.github.io/xQTLbiolinks/index.html,n,N,GPL 3,5,5,
AlleleSeq,https://doi.org/10.1038/msb.2011.54,Allele specific expression,2011,N,N,Y,N,N,N,N,N,N,N,N,4,0,0,0,0,0,0.2857142857,0,0,0,0,0,"1,3",Y,N,Y,http://alleleseq.gersteinlab.org/,N,,,,,,,,http://alleleseq.gersteinlab.org/tools.html,N,N,404,28.85714286,Yes
Allim,https://doi.org/10.1111/1755-0998.12110,Allele specific expression,2013,N,N,Y,N,N,N,N,N,N,N,N,0,0,0,0,0,3,0,0,0,0,0,0.2307692308,"1,3",Y,N,Y,http://code.google.com/p/allim/,N,"https://code.google.com/archive/p/allim/
  https://sourceforge.net/projects/allim/",,,,,,,,N,Mozilla Public License 1.1,56,4.666666667,
MBASED,https://doi.org/10.1186/s13059-014-0405-3,Allele specific expression,2014,N,N,Y,N,N,Y,N,N,N,Y,Y,0,0,0,0,21,0,0,0,0,0,1.75,0,"1,2,3",Y,Y,Y,,Y,,,,https://biocontainers.pro/tools/bioconductor-mbased,,https://bioconductor.org/packages/release/bioc/html/MBASED.html,,,Y,Artistic-2.0,164,14.90909091,
Revana,https://doi.org/10.1093/bioinformatics/btac831,Allele specific expression,2023,N,N,Y,N,N,N,N,N,N,N,N,0,0,0,0,0,1,0,0,0,0,0,0.3333333333,"1,3",Y,N,Y,https://github.com/KiTZ-Heidelberg/revana,N,https://github.com/KiTZ-Heidelberg/revana,n,,n,n,n,n,n,N,gpl 3,0,0,
GEDIT,https://doi.org/10.1093/gigascience/giab002,Cell deconvolution,2021,Y,N,N,N,N,N,N,N,N,N,N,0,0,0,0,0,0,0,0,0,0,0,0,0,N,N,N,https://github.com/BNadel/GEDIT/tree/master/GEDITv2.2,N,https://github.com/BNadel/GEDIT/tree/master/GEDITv2.2,n,,n,n,n,"https://manpages.ubuntu.com/manpages/bionic/man1/ , https://formulae.brew.sh/formula/gedit#default",n,Y,MIT,43,10.75,Yes
xCell,https://doi.org/10.1186/s13059-017-1349-1,Cell deconvolution,2017,Y,N,Y,N,N,N,N,N,N,Y,Y,0,0,0,0,0,5,0,0,0,0,0,0.5555555556,"1,2",Y,Y,N,"https://github.com/dviraran/xCell,
  http://xcell.ucsf.edu/",N,https://github.com/dviraran/xCell,,,https://hub.docker.com/r/tumordeconv/xcell,,,,,Y,GNU 3.0,3513,439.125,Yes
Dtangle,https://doi.org/10.1093/bioinformatics/bty926,Cell deconvolution,2019,N,N,Y,N,N,N,Y,N,N,N,Y,0,0,0,4,0,1,0,0,0,0.5714285714,0,0.1428571429,"1,2,3",Y,Y,Y,https://dtangle.github.io/,N,https://github.com/gjhunt/dtangle,,,https://hub.docker.com/r/gjhunt/dtangle/,,https://cran.r-project.org/web/packages/dtangle/index.html,,,Y,GPL-3,110,18.33333333,
CDSeq,https://doi.org/10.1371/journal.pcbi.1007510,Cell deconvolution,2019,N,N,Y,N,N,N,Y,N,N,Y,N,0,0,0,1,0,1,0,0,0,0.1428571429,0,0.1428571429,"2,3",N,Y,Y,https://github.com/kkang7/CDSeq,N,https://github.com/kkang7/CDSeq,,,,,https://cran.r-project.org/src/contrib/Archive/CDSeq/,,,Y,GPL-3,59,9.833333333,
deconvSEQ,https://doi.org/10.1093/bioinformatics/btz444,Cell deconvolution,2019,N,N,Y,N,N,N,N,N,N,N,Y,0,0,0,0,0,1,0,0,0,0,0,0.1428571429,"1,3",Y,N,Y,https://github.com/rosedu1/deconvSeq,N,https://github.com/rosedu1/deconvSeq,,,https://hub.docker.com/r/btrspg/deconvseq,,,,,Y,GPL-3,39,6.5,
Linseed,https://doi.org/10.1038/s41467-019-09990-5,Cell deconvolution,2019,N,N,Y,N,N,N,N,N,N,N,Y,0,0,0,0,0,1,0,0,0,0,0,0.1428571429,"1,3",Y,N,Y,https://github.com/ctlab/linseed,N,https://github.com/ctlab/linseed,,,https://hub.docker.com/r/aladyevae/linseed,,,,,N,MIT license,97,16.16666667,remove tool
Seurat,https://doi.org/10.1038/nbt.3192,Cell deconvolution,2015,Y,Y,Y,Y,Y,N,Y,N,N,N,N,0,233,0,1,0,43,0,21.18181818,0,0.09090909091,0,3.909090909,"1,2,3",Y,Y,Y,https://www.nature.com/articles/nbt.3192#MOESM11,N,https://github.com/satijalab/seurat,https://anaconda.org/conda-forge/r-seurat,,https://hub.docker.com/r/satijalab/seurat,n,n,n,n,N,MIT License,5620,562,
quanTIseq,https://doi.org/10.1186/s13073-019-0638-6,Cell deconvolution,2019,N,N,Y,N,N,N,N,N,N,Y,Y,0,0,0,0,8,0,0,0,0,0,1.142857143,0,"1,2,3",Y,Y,Y,https://icbi.i-med.ac.at/software/quantiseq/doc/,N,,,,https://biocontainers.pro/tools/bioconductor-quantiseqr,,https://bioconductor.org/packages/release/bioc/html/quantiseqr.html,,https://icbi.i-med.ac.at/software/quantiseq/doc/,Y,"BSD 3-Clause License, GPL-3",1147,191.1666667,
GraphST,https://doi.org/10.1038/s41467-023-36796-3,Cell deconvolution,2023,N,N,Y,N,N,N,N,N,N,N,Y,0,0,0,0,0,1,0,0,0,0,0,0.3333333333,"1,2,3",Y,Y,Y,https://github.com/JinmiaoChenLab/GraphST,N,https://github.com/JinmiaoChenLab/GraphST,n,,https://hub.docker.com/search?q=GraphST,n,n,n,n,Y,GNU AFFERO GENERAL PUBLIC LICENSE,256,128,
AutoGeneS,https://pubmed.ncbi.nlm.nih.gov/34293324/,Cell deconvolution,2021,N,N,Y,N,Y,N,N,Y,N,N,Y,0,1,4,0,0,1,0,0.2,0.8,0,0,0.2,"1,2,3",Y,Y,Y,https://github.com/theislab/AutoGeneS,N,https://github.com/theislab/AutoGeneS,https://anaconda.org/bioconda/autogenes,,http://hub.docker.com/r/deconvolution/autogenes,https://pypi.org/project/autogenes/#description,n,n,n,Y,MIT,82,20.5,
pyInfinityFlow,https://doi.org/10.1093/bioinformatics/btad287,Cell deconvolution,2023,N,N,Y,N,N,Y,N,Y,N,N,N,0,0,11,0,46,1,0,0,3.666666667,0,15.33333333,0.3333333333,"1,2,3",Y,Y,Y,https://github.com/KyleFerchen/pyInfinityFlow,N,https://github.com/KyleFerchen/pyInfinityFlow,n,,n,https://pypi.org/project/pyInfinityFlow/,https://www.bioconductor.org/packages/release/bioc/html/infinityFlow.html,n,n,N,MIT,2,1,
DSTG,https://doi.org/10.1093/bib/bbaa414,Cell deconvolution,2021,N,N,Y,N,N,N,N,N,N,N,N,0,0,0,0,0,2,0,0,0,0,0,0.4,3,N,N,Y,https://github.com/Su-informatics-lab/DSTG,N,https://github.com/Su-informatics-lab/DSTG,,,,,,,,Y,MIT License,176,44,
EnDecon,https://doi.org/10.1093/bioinformatics/btac825,Cell deconvolution,2023,N,N,Y,N,N,N,N,N,N,N,N,0,0,0,0,0,1,0,0,0,0,0,0.3333333333,"1,3",Y,N,Y,https://github.com/Zhangxf-ccnu/EnDecon,N,https://github.com/Zhangxf-ccnu/EnDecon,,,,,,,,Y,GPL>=2,18,9,Y
STdeconvolve,https://doi.org/10.1038/s41467-022-30033-z,Cell deconvolution,2022,N,N,Y,N,N,Y,N,N,N,N,Y,0,0,0,0,1,1,0,0,0,0,0.25,0.25,"1,2,3",Y,Y,Y,https://github.com/JEFworks-Lab/STdeconvolve,N,https://github.com/JEFworks-Lab/STdeconvolve,,,https://hub.docker.com/r/archang/stdeconvolve,,https://bioconductor.org/packages/release/bioc/html/STdeconvolve.html,,,Y,GPL-3,154,51.33333333,
SpatialDWLS,https://doi.org/10.1186/s13059-021-02362-7,Cell deconvolution,2021,N,N,N,N,N,N,N,N,N,N,N,0,0,0,0,0,0,0,0,0,0,0,0,,N,N,N,,N,,,,,,,,,Y,MIT License,233,,
SaVant,https://doi.org/10.1186/s12864-017-4167-7,Cell deconvolution,2017,Y,N,N,N,N,N,N,N,N,N,N,1,0,0,0,0,0,0.125,0,0,0,0,0,0,N,N,N,https://newpathways.mcdb.ucla.edu/savant-dev/,N,0,n,,n,n,n,n,n,Y,GNU General Public License.,41,5.125,
DestVI,https://doi.org/10.1038/s41587-022-01272-8,Cell deconvolution,2022,N,N,Y,N,N,N,N,N,N,N,Y,0,0,0,0,0,0,0,0,0,0,0,0,,N,N,N,,N,,,,https://hub.docker.com/r/csangara/sp_destvi,,,,,N,N,148,49.33333333,
EPIC,https://doi.org/10.7554/elife.26476,Cell deconvolution,2017,Y,N,Y,Y,N,N,N,N,Y,N,N,0,0,0,0,0,4,0,0,0,0,0,0.4444444444,"1,2,3",Y,Y,Y,https://github.com/GfellerLab/EPIC,N,https://github.com/GfellerLab/EPIC,n,,n,n,n,https://manpages.ubuntu.com/manpages/bionic/man1/ and https://formulae.brew.sh/cask/epic#default,https://epic.gfellerlab.org/,Y,Ludwig Institute for Cancer Research Ltd,1198,50,
Immunedeconv,https://doi.org/10.1093/bioinformatics/btz363,Cell deconvolution,2019,N,N,Y,N,Y,N,N,N,N,N,Y,0,8,0,0,0,13,0,1.142857143,0,0,0,1.857142857,"1,2,3",Y,Y,Y,https://github.com/omnideconv/immunedeconv,N,https://github.com/omnideconv/immunedeconv,https://anaconda.org/bioconda/r-immunedeconv,,"https://hub.docker.com/r/alanwucci/immunedeconv, https://quay.io/repository/biocontainers/r-immunedeconv",,,,,Y,"GNU 2+(2+ because they specify ""either version 2 of the License, or (at your option) any later version."")",764,127.3333333,Yes
MCP-counter,https://doi.org/10.1186/s13059-016-1070-5,Cell deconvolution,2016,N,N,Y,N,Y,N,Y,N,N,N,N,0,9,0,1,0,1,0,0.9,0,0.1,0,0.1,"1,2",Y,Y,N,https://zenodo.org/records/61372,N,https://github.com/ebecht/MCPcounter,https://anaconda.org/bioconda/r-mcpcounter,,n,n,https://zenodo.org/records/61372,n,n,Y,GNU General Public License v2.0 only,2756,306.2222222,
WSCUnmix,https://doi.org/10.1371/journal.pcbi.1005815,Cell deconvolution,2017,N,N,Y,N,N,N,N,N,N,N,N,0,0,0,0,0,1,0,0,0,0,0,0.1111111111,1,Y,N,N,https://github.com/tedroman/WSCUnmix,N,https://github.com/tedroman/WSCUnmix,N,,N,N,N,N,N,Y,the Creative Commons Attribution License,9,1.125,
MuSiC,https://doi.org/10.1038/s41467-018-08023-x,Cell deconvolution,2019,Y,Y,Y,N,Y,N,N,N,N,N,Y,0,1,0,0,0,1,0,0.1428571429,0,0,0,0.1428571429,"1,2,3",Y,Y,Y,https://github.com/xuranw/MuSiC,N,https://github.com/xuranw/MuSiC,https://anaconda.org/bioconda/r-music,,https://biocontainers.pro/tools/music-deconvolution,,,,,Y,GPL-3.0,781,130.1666667,
SPOTlight,https://doi.org/10.1093/nar/gkab043,Cell deconvolution,2021,N,N,Y,N,N,Y,N,N,N,N,Y,0,0,0,0,6,1,0,0,0,0,1.2,0.2,"1,2,3",Y,Y,Y,"https://github.com/MarcElosua/SPOTlight , https://github.com/MarcElosua/SPOTlight_deconvolution_analysis/",N,https://github.com/MarcElosua/SPOTlight,,,https://hub.docker.com/r/marcelosua/spotlight_env_r,,https://bioconductor.org/packages/release/bioc/html/SPOTlight.html,,,Y,GPL-3.0,492,123,
DWLS,https://doi.org/10.1038/s41467-019-10802-z,Cell deconvolution,2019,N,N,Y,N,N,N,Y,N,N,N,Y,0,0,0,1,0,1,0,0,0,0.1428571429,0,0.1428571429,"1,2,3",Y,Y,Y,https://bitbucket.org/yuanlab/dwls/src/default/,Y,https://github.com/dtsoucas/DWLS,,,https://hub.docker.com/r/deconvolution/dwls,,https://cran.r-project.org/web/packages/DWLS/index.html,,,N,N,203,33.83333333,
Cell2Location,https://doi.org/10.1038/s41587-021-01139-4,Cell deconvolution,2022,N,N,Y,N,N,N,N,Y,N,Y,Y,0,0,5,0,0,9,0,0,1.25,0,0,2.25,"1,2,3",Y,Y,Y,https://github.com/BayraktarLab/cell2location/,N,https://github.com/BayraktarLab/cell2location/,,,https://hub.docker.com/r/prete/cell2location and https://cell2location.readthedocs.io/en/latest/dockersingularity.html,https://pypi.org/project/cell2location/,,,,Y,Apache License Version 2.0,679,226.3333333,
ISOpureR,https://doi.org/10.1186/s12859-015-0597-x,Cell deconvolution,2015,N,N,Y,N,N,N,Y,N,N,N,Y,0,0,0,9,0,9,0,0,0,0.8181818182,0,0.8181818182,"1,2,3",Y,Y,Y,https://cran.r-project.org/web/packages/ISOpureR/index.html,N,https://github.com/cran/ISOpureR,,,https://hub.docker.com/r/chualabnccs/ubuntu-isopurer,,https://cran.r-project.org/web/packages/ISOpureR/index.html,,,N,GPL2,44,4.4,
SciBet,https://doi.org/10.1038/s41467-020-15523-2,Cell deconvolution,2020,N,N,Y,N,N,N,N,N,N,Y,Y,0,0,0,0,0,1,0,0,0,0,0,0.1666666667,"1,3",Y,N,Y,http://scibet.cancer-pku.cn/ and https://github.com/PaulingLiu/scibet,N,,,,https://hub.docker.com/r/jesusgf23/scibet,,,,,Y,BSD-3-Clause License,140,28,
CHETAH,https://doi.org/10.1093/nar/gkz543,Cell deconvolution,2019,N,N,Y,N,Y,Y,N,N,N,N,Y,0,10,0,0,12,1,0,1.428571429,0,0,1.714285714,0.1428571429,"1,2,3",Y,Y,Y,https://github.com/jdekanter/CHETAH and https://github.com/jdekanter/CHETAH_paper_figures,N,https://github.com/jdekanter/CHETAH,,,,,,,,Y,AGPL-3.0 License,258,43,Yes
RCTD,https://doi.org/10.1038/s41587-021-00830-w,Cell deconvolution,2022,Y,Y,Y,Y,N,N,N,N,N,Y,Y,0,0,0,0,0,1,0,0,0,0,0,0.25,"1,3",Y,N,Y,https://github.com/dmcable/spacexr,N,https://github.com/dmcable/spacexr,,,https://hub.docker.com/r/skydashan/rctd,,,,,Y,GPL3,731,243.6666667,
scPred,https://doi.org/10.1186/s13059-019-1862-5,Cell deconvolution,2019,N,N,Y,N,N,N,N,N,N,Y,Y,0,0,0,0,0,4,0,0,0,0,0,0.5714285714,"1,3",Y,N,Y,https://github.com/powellgenomicslab/scPred/,N,https://github.com/powellgenomicslab/scPred/,,,https://hub.docker.com/r/derrickd/scpred_cellstates,,,,,Y,MIT,368,61.33333333,
CellCode,https://doi.org/10.1093/bioinformatics/btv015,Cell deconvolution,2015,N,N,Y,N,N,N,Y,N,N,N,N,1,0,0,1,0,1,0.1,0,0,0.09090909091,0,0.09090909091,2,N,Y,N,https://sites.pitt.edu/~mchikina/CellCODE/,N,https://github.com/mchikina/CellCODE,N,,N,n,https://sites.pitt.edu/~mchikina/CellCODE/,N,N,N,N,113,11.3,
SCDC,https://doi.org/10.1093/bib/bbz166,Cell deconvolution,2021,N,N,Y,N,N,N,N,N,N,N,Y,0,0,0,0,0,1,0,0,0,0,0,0.2,"1,3",Y,N,Y,https://meichendong.github.io/SCDC/,N,https://github.com/meichendong/SCDC/,,,https://hub.docker.com/r/deconvolution/scdc,,,,,Y,No license in neither the github webpage nor the github repo page,229,57.25,
scSorter,https://doi.org/10.1186/s13059-021-02281-7,Cell deconvolution,2021,N,N,Y,N,N,N,Y,N,N,N,N,0,0,1,0,0,0,0,0,0.2,0,0,0,"1,2",Y,Y,N,https://cran.r-project.org/web/packages/scSorter/index.html,N,n,n,,n,n,https://cran.r-project.org/web/packages/scSorter/index.html,n,n,Y,GPL-3,91,22.75,
SC3,https://doi.org/10.1038/nmeth.4236,Cell deconvolution,2017,N,N,Y,N,Y,Y,N,N,N,Y,N,0,13,0,0,18,1,0,1.444444444,0,0,2,0.1111111111,"1,2",Y,Y,N,https://bioconductor.org/packages/release/bioc/html/SC3.html,N,https://github.com/hemberg-lab/SC3,https://anaconda.org/bioconda/bioconductor-sc3,,,,https://bioconductor.org/packages/release/bioc/html/SC3.html,,,Y,GPL3,1448,181,
PERT,https://doi.org/10.1371/journal.pcbi.1002838,Cell deconvolution,2012,N,N,Y,N,N,N,N,N,N,N,N,0,0,0,0,0,1,0,0,0,0,0,0.07142857143,1,Y,N,N,none,N,https://github.com/gquon/PERT,n,,n,n,n,n,n,N,n,152,11.69230769,
Stereoscope,https://doi.org/10.1038/s42003-020-01247-y,Cell deconvolution,2020,N,N,Y,N,N,N,N,Y,N,N,Y,0,0,1,0,0,1,0,0,0.1666666667,0,0,0.1666666667,"1,2,3",Y,Y,Y,https://github.com/almaan/stereoscope,N,https://github.com/almaan/stereoscope,,,https://hub.docker.com/r/smk5g5/stereoscope,https://pypi.org/project/stereoscope/,,,,Y,MIT,368,73.6,
scDALI,https://doi.org/10.1186/s13059-021-02593-8,Cell deconvolution,2022,N,N,Y,N,N,N,N,N,N,Y,N,0,0,0,0,0,1,0,0,0,0,0,0.25,"1,3",Y,N,Y,https://github.com/PMBio/scdali and https://github.com/PMBio/scdali_analyses and https://zenodo.org/records/5710797,N,https://github.com/PMBio/scdali and https://github.com/PMBio/scdali_analyses for the experiments,,,,,,https://zenodo.org/records/5710797,,Y,BSD-3-Clause License,13,4.333333333,
SingleR,https://doi.org/10.1038/s41590-018-0276-y,Cell deconvolution,2019,N,N,Y,N,Y,Y,N,Y,N,N,Y,0,0,9,0,11,1,0,0,1.285714286,0,1.571428571,0.1428571429,"1,2,3",Y,Y,Y,https://github.com/dviraran/SingleR,N,https://github.com/dviraran/SingleR,https://anaconda.org/bioconda/bioconductor-singler.,,https://hub.docker.com/r/scrnaseqbenchmark/singler,https://pypi.org/project/singler/,https://bioconductor.org/packages/release/bioc/html/SingleR.html,,,N,GPL-3.0,3505,584.1666667,Yes
RNA2HLA,https://doi.org/10.1093/bib/bbab055,Data quality control,2021,N,N,Y,N,Y,N,N,N,N,Y,Y,0,0,0,0,0,1,0,0,0,0,0,0.2,"1,2",Y,Y,N,https://github.com/Chelysheva/RNA2HLA,N,https://github.com/Chelysheva/RNA2HLA,,,https://hub.docker.com/r/mjinkm/rna2hla,,,,,N,MIT,11,2.75,
kPAL,https://doi.org/10.1186/s13059-014-0555-3,Data quality control,2014,N,N,Y,N,Y,N,N,Y,N,N,N,0,10,0,0,0,8,0,0.8333333333,0,0,0,0.6666666667,"1,2,3",Y,Y,Y,https://github.com/LUMC/kPAL,N,https://github.com/LUMC/kPAL,https://kpal.readthedocs.io/en/stable/intro.html or https://anaconda.org/bioconda/kpal/files,https://bioconda.github.io/recipes/kpal/README.html,,,,,,Y,MIT,28,2.545454545,
QuaCRS,https://doi.org/10.4137/cin.s14022,Data quality control,2014,Y,Y,N,Y,N,N,N,N,N,N,N,3,0,0,0,0,1,0.2727272727,0,0,0,0,0.08333333333,"1,3",Y,N,Y,http://bioserv.mps.ohio-state.edu/QuaCRS/,N,https://github.com/kwkroll32/QuaCRS,,,,,,,http://bioserv.mps.ohio-state.edu/QuaCRS/index.php/pages/view/downloads,N,Non commercial use Ohio State Uni. License,70,6.363636364,
BlackOPs,https://doi.org/10.1093/nar/gkt692,Data quality control,2013,N,N,Y,N,N,N,N,N,N,N,N,0,0,0,0,0,7,0,0,0,0,0,0.5384615385,"1,3",Y,N,Y,https://sourceforge.net/projects/rnaseqvariantbl/,N,https://sourceforge.net/projects/rnaseqvariantbl/,,,,,,,,N,GPL3,27,2.25,
RSeQC,https://doi.org/10.1093/bioinformatics/bts356,Data quality control,2012,N,N,Y,N,Y,N,N,Y,N,N,Y,0,21,0,0,0,1,0,1.5,0,0,0,0.07142857143,"1,2",Y,Y,N,https://code.google.com/p/rseqc/,Y,https://github.com/MonashBioinformaticsPlatform/RSeQC or https://code.google.com/archive/p/rseqc/,https://anaconda.org/bioconda/rseqc/,https://bioconda.github.io/recipes/rseqc/README.html,https://biocontainers.pro/tools/rseqc,https://pypi.org/project/RSeQC/,,,,Y,GPL3,2515,193.4615385,
RNA-SeQC,https://doi.org/10.1093/bioinformatics/bts196,Data quality control,2012,Y,Y,N,Y,N,N,N,N,N,N,N,0,0,0,0,0,11,0,0,0,0,0,0.7857142857,"https://software.broadinstitute.org/cancer/cga/sites/default/files/data/tools/rnaseqc/RNA-SeQC_Help_v1.1.2.pdf -> 1, 3",Y,Y,Y,,N,,,,,,,,https://web.archive.org/web/20161204191532/http://archive.broadinstitute.org/cancer/cga/rnaseqc_download,N,Apache License Version 2.0,961,73.92307692,
HTQC,https://doi.org/10.1186/1471-2105-14-33,Data quality control,2013,N,N,Y,N,N,N,N,N,N,Y,N,0,0,0,0,0,2,0,0,0,0,0,0.1538461538,"1,3(if a ""To demonstrate the function of HTQC, a paired-end sequence data of human gut metagenome was used as an example."" is a toy example enough )",Y,N,Y,https://sourceforge.net/projects/htqc/,N,https://sourceforge.net/projects/htqc/files/,N,,,,,,,Y,GPL3,210,17.5,
FastQC,"no DOI. Cited as: ""FastQC: a quality control tool for high throughput sequence data.""",Data quality control,2010,N,N,Y,Y,Y,N,N,N,N,Y,Y,36,21,0,0,0,6,2.4,1.3125,0,0,0,0.375,"1,2,3",Y,Y,Y,https://www.bioinformatics.babraham.ac.uk/projects/fastqc/,N,https://github.com/s-andrews/FastQC,https://anaconda.org/bioconda/fastqc,https://bioconda.github.io/recipes/fastqc/README.html,https://hub.docker.com/r/biocontainers/fastqc,,,,https://www.bioinformatics.babraham.ac.uk/projects/fastqc/,N,"GPL3, Apache License Version 2.0",23981,1598.733333,Yes
SAMStat,https://doi.org/10.1093/bioinformatics/btq614,Data quality control,2011,N,N,Y,N,N,N,N,N,N,Y,Y,0,0,0,0,0,4,0,0,0,0,0,0.2666666667,"1,3",Y,N,Y,http://samstat.sourceforge.net/,Y,https://github.com/TimoLassmann/samstat/tree/719b7f137035259f5e6354ae5df090998459552f,,,https://hub.docker.com/r/dnadocker/samstat,,N,,N,N,GPL3,203,14.5,
Skewer,https://doi.org/10.1186/1471-2105-15-182,Data quality control,2014,N,N,Y,N,Y,N,N,N,N,Y,Y,0,4,0,0,0,2,0,0.3333333333,0,0,0,0.1666666667,"1,2",Y,Y,N,https://sourceforge.net/projects/skewer/,N,https://sourceforge.net/projects/skewer/ https://github.com/relipmoc/skewer,https://anaconda.org/bioconda/skewer,Yhttps://bioconda.github.io/recipes/skewer/README.html,https://biocontainers.pro/tools/skewer,,,,,Y,MIT,1460,132.7272727,Yes
Trimmomatic,https://doi.org/10.1093/bioinformatics/btu170,Data quality control,2014,Y,Y,Y,Y,Y,N,N,Y,N,Y,Y,3,24,0,0,0,10,0.2727272727,2,0,0,0,0.8333333333,"1,2",Y,Y,N,http://www.usadellab.org/cms/index.php?page=trimmomatic,N,https://github.com/usadellab/Trimmomatic,https://anaconda.org/bioconda/trimmomatic,https://bioconda.github.io/recipes/trimmomatic/README.html,https://hub.docker.com/r/staphb/trimmomatic/,https://biolib.com/bio-utils/trimmomatic/,,,http://www.usadellab.org/cms/index.php?page=trimmomatic,Y,GPL3,57775,5252.272727,
SEQualyzer,https://doi.org/10.1093/bioinformatics/btw627,Data quality control,2017,Y,N,Y,N,N,N,N,N,N,Y,N,0,0,0,0,0,1,0,0,0,0,0,0.1111111111,"1,2,3",Y,Y,Y,https://github.com/AviranLab/SPEQC,N,https://github.com/AviranLab/SEQualyzer_windows_standalone,n,,n,n,n,n,n,N,"""SEQualyzer is free for non-commercial research. For commercial use, please contact the authors.""",10,1.25,
RNA-SeQC 2,https://doi.org/10.1093/bioinformatics/btab135,Data quality control,2021,N,N,Y,N,Y,N,N,N,N,N,Y,0,5,0,0,0,17,0,1,0,0,0,3.4,"1,2",Y,Y,N,https://github.com/getzlab/rnaseqc,N,https://github.com/getzlab/rnaseqc,https://anaconda.org/bioconda/RNA-SeQC,,https://biocontainers.pro/tools/rna-seqc,,,,,N,BSD-3-Clause License,88,22,
scRNABatchQC,https://doi.org/10.1093/bioinformatics/btz601,Data quality control,2019,N,N,Y,N,N,N,Y,N,N,N,N,0,0,0,0,0,1,0,0,0,0,0,0.1428571429,"1,2,3",Y,Y,Y,https://github.com/liuqivandy/scRNABatchQC,N,https://github.com/liuqivandy/scRNABatchQC,,,,,,,,N,LGPL3,22,3.666666667,
Scater,https://doi.org/10.1093/bioinformatics/btw777,Data quality control,2017,Y,Y,Y,N,N,Y,N,N,N,Y,Y,0,0,0,0,35,0,0,0,0,0,3.888888889,0,"1,2,3",Y,Y,Y,http://bioconductor.org/packages/scater,N,,,,,,http://bioconductor.org/packages/scater,,,N,GPL3,1624,203,
Samtools,https://doi.org/10.1093/bioinformatics/btp352,Data quality control,2009,Y,Y,Y,N,Y,N,N,N,N,Y,Y,0,0,0,0,33,26,0,0,0,0,1.941176471,1.529411765,"1,2,3",Y,Y,Y,https://samtools.sourceforge.net/,N,https://github.com/samtools/samtools,https://anaconda.org/bioconda/samtools,,https://hub.docker.com/r/biocontainers/samtools,,https://www.bioconductor.org/packages/release/bioc/html/Rsamtools.html,,,N,MIT,56507,3531.6875,
SinQC,https://doi.org/10.1093/bioinformatics/btw176,Data quality control,2016,N,N,Y,N,N,N,N,N,N,N,N,0,0,0,0,0,1,0,0,0,0,0,0.1,"1,3",Y,N,Y,https://www.morgridge.net/dmz/www-dmz/upload/files/peng/SinQC/Main.html,Y,,,,,,,,https://morgridge.org/research/regenerative-biology/software-resources/sinqc/,N,N,56,6.222222222,
qsmooth,https://doi.org/10.1093/biostatistics/kxx028,Data quality control,2018,N,N,Y,N,N,Y,N,N,N,N,Y,0,0,0,0,13,1,0,0,0,0,1.625,0.125,"1,2,3",Y,Y,Y,https://github.com/stephaniehicks/qsmooth,N,https://github.com/stephaniehicks/qsmooth,,,https://hub.docker.com/r/sufyazi/qsmooth-r,,https://bioconductor.org/packages/release/bioc/html/qsmooth.html,,,Y,GPL3,118,16.85714286,
Seqbias,https://doi.org/10.1093/bioinformatics/bts055,Data quality control,2012,N,N,Y,N,N,Y,N,N,N,N,Y,0,0,0,0,45,0,0,0,0,0,3.214285714,0,"1,2,3",Y,Y,Y,,N,Y (https://github.com/dcjones/seqbias),,,https://biocontainers.pro/tools/bioconductor-seqbias,,Y(https://bioconductor.org/packages/3.15/bioc/html/seqbias.html),,N,N,LGPL3,47,3.615384615,
Flexbar,https://doi.org/10.3390/biology1030895,Data quality control,2012,Y,Y,Y,Y,Y,N,N,N,N,Y,Y,0,16,0,0,0,13,0,1.142857143,0,0,0,0.9285714286,"1,2",Y,Y,N,https://sourceforge.net/projects/flexbar/,N,,https://anaconda.org/bioconda/flexbar,https://bioconda.github.io/recipes/flexbar/README.html,https://biocontainers.pro/tools/flexbar,,,,,Y,BSD-3-Clause License,737,56.69230769,
MultiQc,https://pmc.ncbi.nlm.nih.gov/articles/PMC5039924/,Data quality control,2016,Y,N,N,N,Y,N,N,Y,N,N,Y,1,196,48,0,0,48,0.1111111111,19.6,4.8,0,0,4.8,"1,2,3",Y,Y,Y,https://seqera.io/multiqc/,N,http://github.com/MultiQC/MultiQC,https://anaconda.org/bioconda/multiqc,,https://hub.docker.com/r/multiqc/multiqc,https://pypi.org/project/multiqc/,n,n,https://seqera.io/multiqc/,N,GPL 3,7364,818.2222222,
iSeqQC,https://doi.org/10.1186/s12859-020-3399-8,Data quality control,2020,Y,Y,Y,Y,N,N,N,N,N,N,N,0,0,0,0,0,1,0,0,0,0,0,0.1666666667,"1,3",Y,N,Y,https://github.com/gkumar09/iSeqQC AND http://cancerwebpa.jefferson.edu/iSeqQC/,N,https://github.com/gkumar09/iSeqQC,,,,,,,http://cancerwebpa.jefferson.edu/iSeqQC,Y,MIT,26,5.2,
TagCleaner,https://doi.org/10.1186/1471-2105-11-341,Data quality control,2010,N,N,Y,N,N,N,N,N,N,N,N,1,0,0,0,0,9,0.06666666667,0,0,0,0,0.5625,0,N,N,N,http://edwards.sdsu.edu/tagcleaner,Y,https://tagcleaner.sourceforge.net/,,,,,,,,N,GNU General Public License 3+,283,18.86666667,
BEDTools,https://doi.org/10.1093/bioinformatics/btq033,Data quality control,2010,Y,Y,Y,Y,Y,N,N,N,Y,N,Y,0,19,0,0,0,23,0,1.1875,0,0,0,1.4375,"1,2,3",Y,Y,Y,https://code.google.com/archive/p/bedtools/,N,https://code.google.com/archive/p/bedtools/ AND https://github.com/arq5x/bedtools2,https://anaconda.org/bioconda/BEDTools,,https://hub.docker.com/r/biocontainers/bedtools,,,https://formulae.brew.sh/formula/bedtools,,N,MIT,25617,1707.8,
FastQ Screen,https://doi.org/10.12688/f1000research.15931.2,Data quality control,2018,N,N,Y,N,N,N,N,N,N,Y,Y,41,0,0,0,0,10,5.857142857,0,0,0,0,1.25,"1,3",Y,N,Y,https://github.com/StevenWingett/FastQ-Screen,N,https://github.com/StevenWingett/FastQ-Screen,,,https://hub.docker.com/r/wailz/fastqscreen AND https://hub.docker.com/r/marrip/fastq-screen,,,,https://www.bioinformatics.babraham.ac.uk/projects/fastq_screen/,N,GPL3,1685,240.7142857,
AlienTrimmer,https://doi.org/10.1016/j.ygeno.2013.07.011,Data quality control,2013,N,N,Y,N,N,N,N,N,N,N,Y,5,0,0,0,0,1,0.4166666667,0,0,0,0,0.07692307692,"1,3",Y,N,Y,ftp://ftp.pasteur.fr/pub/gensoft/projects/AlienTrimmer/,N,https://gitlab.pasteur.fr/GIPhy/AlienTrimmer,,,https://hub.docker.com/r/lethalfang/alientrimmer,,,,https://bioweb.pasteur.fr/packages/pack@AlienTrimmer@0.3.2-gcj AND https://research.pasteur.fr/en/software/alientrimmer/,Y,AGPL-3.0 License,233,19.41666667,
NOISeq R,https://doi.org/10.1093/nar/gkv711,Data quality control,2015,N,N,Y,N,N,Y,N,N,N,N,Y,0,0,0,0,151,0,0,0,0,0,13.72727273,0,"1,2,3",Y,Y,Y,,N,,,,https://hub.docker.com/r/emiller88/noiseq,,https://www.bioconductor.org/packages/release/bioc/html/NOISeq.html,,,N,Artistic 2.0,808,80.8,
CADBure,https://doi.org/10.1038/srep13443,Data quality control,2015,N,N,Y,N,N,N,N,N,N,N,Y,0,0,0,0,0,1,0,0,0,0,0,0.09090909091,"1,3",Y,N,Y,https://cadbure.sourceforge.net/,N,https://sourceforge.net/projects/cadbure/files/ AND https://cadbure.sourceforge.net/,,,https://hub.docker.com/r/lumc/cadbure,,,,,N,GPL,12,1.2,
PEAR,https://doi.org/10.1093/bioinformatics/btt593,Data quality control,2014,Y,Y,Y,Y,Y,N,N,N,N,Y,Y,0,1,0,0,0,1,0,0.08333333333,0,0,0,0.08333333333,"1,2,3",Y,Y,Y,http://www.exelixis-lab.org/web/software/pear,N,https://github.com/tseemann/PEAR?tab=readme-ov-file,https://anaconda.org/bioconda/PEAR,,https://biocontainers.pro/tools/pear,,,,https://www.h-its.org/software/pear-paired-end-read-merger/ https://cme.h-its.org/exelixis/web/software/pear/doc.html,Y,Creative Commons 3.0,4467,406.0909091,
SeqPrep,https://www.nature.com/articles/s41564-019-0532-4,Data quality control,2019,Y,N,Y,N,Y,N,N,N,Y,N,Y,1,14,0,0,0,1,0.1666666667,2,0,0,0,0,"1,2,3",Y,Y,Y,https://github.com/jstjohn/SeqPrep,N,https://github.com/jstjohn/SeqPrep,https://anaconda.org/bioconda/seqprep,,https://hub.docker.com/r/biocontainers/seqprep,n,n,n,n,N,MIT,245,40.83333333,
fastp,https://doi.org/10.1002/imt2.107,Data quality control,2023,Y,N,Y,N,Y,Y,N,N,Y,Y,Y,0,85,0,0,0,43,0,28.33333333,0,0,0,14.33333333,"1,2,3",Y,Y,Y,https://github.com/OpenGene/fastp,N,https://github.com/OpenGene/fastp,https://anaconda.org/bioconda/fastp,,https://hub.docker.com/r/nanozoo/fastp,n,n,https://formulae.brew.sh/formula/fastp#default,n,N,MIT,393,196.5,
SolexaQA,https://doi.org/10.1186/1471-2105-11-485,Data quality control,2010,N,N,Y,N,Y,N,N,N,N,Y,Y,0,1,0,0,0,20,0,0.0625,0,0,0,1.25,"1,2,3",Y,Y,Y,https://solexaqa.sourceforge.net/,N,https://solexaqa.sourceforge.net/ AND https://sourceforge.net/projects/solexaqa/files/,https://anaconda.org/bioconda/SolexaQA,,https://hub.docker.com/r/gfanz/solexaqa,,,,,N,GPL3,1567,104.4666667,Y
SeqTrim,http://doi.org/10.1186/1471-2105-11-38,Data quality control,2010,N,N,Y,N,N,N,N,N,N,N,N,0,0,0,0,0,0,0,0,0,0,0,0,1,Y,N,N,https://www.scbi.uma.es/seqtrim,Y,,,,,,,,,Y,"""No license or account needed.""",222,14.8,
cutadapt,https://doi.org/10.14806/ej.17.1.200,Data quality control,2011,Y,Y,Y,Y,Y,N,N,Y,N,Y,Y,0,42,68,0,0,0,0,2.8,4.533333333,0,0,0,"1,2,3",Y,Y,Y,http://code.google.com/p/cutadapt/,N,http://code.google.com/p/cutadapt/ and https://cutadapt.readthedocs.io/en/stable/,https://anaconda.org/bioconda/cutadapt,,https://biocontainers.pro/tools/cutadapt and https://biocontainers.pro/tools/python3-cutadapt and https://biocontainers.pro/tools/python-cutadapt,https://pypi.org/project/cutadapt/,,,,N,MIT,30500,2178.571429,
BUSCO,https://doi.org/10.1093/molbev/msab199 https://doi.org/10.1093/bioinformatics/btv351 doi.org/10.1007/978-1-4939-9173-0_14 https://doi.org/10.1093/molbev/msx319,Data quality control,2015,Y,Y,Y,Y,Y,N,N,N,N,Y,Y,0,44,0,0,0,36,0,4,0,0,0,3.272727273,"1,2,3",Y,Y,Y,https://busco.ezlab.org/,N,https://gitlab.com/ezlab/busco,https://anaconda.org/bioconda/BUSCO,,https://hub.docker.com/r/nanozoo/busco,,,https://busco.ezlab.org/,,Y,MIT,19964,1996.4,
AfterQC,doi.org/10.1186/s12859-017-1469-3,Data quality control,2017,N,N,Y,N,Y,N,N,N,N,Y,Y,0,2,0,0,0,17,0,0.2222222222,0,0,0,1.888888889,"1,2,3",Y,Y,Y,https://github.com/OpenGene/AfterQC,N,https://github.com/OpenGene/AfterQC,https://anaconda.org/bioconda/afterqc,,https://biocontainers.pro/tools/afterqc,,,,,Y,MIT,365,45.625,
SeqKit,https://doi.org/10.1371/journal.pone.0163962,Data quality control,2016,Y,Y,Y,Y,Y,N,N,N,Y,Y,Y,0,49,0,0,0,90,0,4.9,0,0,0,9,"1,2,3",Y,Y,Y,https://github.com/shenwei356/seqkit,N,https://github.com/shenwei356/seqkit,https://anaconda.org/bioconda/SeqKit,,https://hub.docker.com/r/nanozoo/seqkit,,,https://formulae.brew.sh/formula/seqkit,https://sandbox.bio/tutorials/seqkit-intro and https://bioinf.shenwei.me/seqkit/,Y,MIT,2406,267.3333333,
Picard,https://doi.org/10.48550/arXiv.2109.05093,Data quality control,2021,Y,N,Y,N,Y,N,N,N,Y,N,N,0,319,0,0,0,1,0,63.8,0,0,0,0.2,"1,2,3",Y,Y,Y,https://github.com/ServiceNow/picard,N,https://github.com/ServiceNow/picard,https://anaconda.org/bioconda/picard,,n,n,n,https://formulae.brew.sh/formula/picard-tools#default and https://manpages.ubuntu.com/manpages/bionic/man1/,n,Y,Apache-2.0 license,387,96.75,
BigPRE,http://doi.org/10.1016/S1672-0229(11)60027-2,Data quality control,2011,N,N,Y,N,N,N,N,N,N,Y,N,0,0,0,0,0,5,0,0,0,0,0,0.3333333333,"1,3",Y,N,Y,https://sourceforge.net/projects/bigpre/,N,https://sourceforge.net/projects/bigpre/,,,,,,,,N,GPLv3,35,2.5,
rnaQUAST,https://doi.org/10.1093/bioinformatics/btw218,Data quality control,2016,Y,Y,Y,Y,Y,N,N,N,N,Y,Y,0,8,0,0,0,11,0,0.8,0,0,0,1.1,"1,2",Y,Y,N,https://bioinf.spbau.ru/en/rnaquast AND http://cab.spbu.ru/software/rnaquast/,Y,https://github.com/ablab/rnaquast,https://anaconda.org/bioconda/rnaQUAST,,https://hub.docker.com/r/nanozoo/rnaquast,,,,https://bioinf.spbau.ru/en/rnaquast AND http://cab.spbu.ru/software/rnaquast/,Y,Copyright,140,15.55555556,Yes
RabbitQC,https://doi.org/10.1093/bioinformatics/btaa719,Data quality control,2021,N,N,Y,N,N,N,N,N,N,Y,N,0,0,0,0,0,1,0,0,0,0,0,0.2,1,Y,N,N,https://github.com/ZekunYin/RabbitQC,N,https://github.com/ZekunYin/RabbitQC,,,,,,,,Y,GPL-3.0,15,3.75,
UROBORUS,https://doi.org/10.1093/nar/gkw075,Detecting circRNA,2016,N,N,Y,N,N,N,N,N,N,N,N,1,0,0,0,0,0,0.1111111111,0,0,0,0,0,0,N,N,N,http://uroborus.openbioinformatics.org/.,Y,n,n,,n,n,n,http://uroborus.openbioinformatics.org/.,n,Y,N,286,31.77777778,
PTESFinder,https://doi.org/10.1186/s12859-016-0881-4,Detecting circRNA,2016,N,N,Y,N,N,N,N,N,N,N,N,0,0,0,0,0,1,0,0,0,0,0,0.1,"1,3",Y,N,Y,https://sourceforge.net/projects/ptesfinder-v1/files/,N,https://sourceforge.net/projects/ptesfinder-v1/files/,n,,n,n,n,n,n,Y,OSI-Approved Open Source (Artistic License 2.0),67,7.444444444,
NCLscan,https://doi.org/10.1093/nar/gkv1013,Detecting circRNA,2016,N,N,Y,N,N,N,N,N,N,Y,Y,0,0,0,0,0,4,0,0,0,0,0,0.4,1,Y,N,N,https://github.com/TreesLab/NCLscan,N,https://github.com/TreesLab/NCLscan,,,https://hub.docker.com/r/nciccbr/charlie_nclscan,,,,,Y,MIT,126,14,
circTest,https://doi.org/10.1016/j.gpb.2016.02.003,Detecting circRNA,2016,N,N,Y,N,N,N,N,N,N,N,Y,0,0,0,0,0,1,0,0,0,0,0,0.1,"1,3",Y,N,Y,https://trackhub.dieterichlab.org/tjakobi/circRNA_heart/hub.txt AND http://tiny.cc/circRNA,Y,https://github.com/dieterich-lab/CircTest,,,https://hub.docker.com/r/barryd237/circtest,,,,,N,No License,107,11.88888889,
CircComPara2,doi: 10.1093/bib/bbab418,Detecting circRNA,2021,N,N,Y,N,N,N,N,N,N,N,Y,0,0,0,0,0,4,0,0,0,0,0,1,1,Y,N,N,https://github.com/egaffo/circompara2,N,https://github.com/egaffo/circompara2,n,,n,n,n,n,n,N,GNU General Public License,56,14,Yes
CIRI-full,https://doi.org/10.1186/s13073-019-0614-1,Detecting circRNA,2019,N,N,Y,N,Y,N,N,N,N,Y,N,0,1,0,0,0,2,0,0.1428571429,0,0,0,0.2857142857,"1,2,3",Y,Y,Y,https://sourceforge.net/projects/ciri/,N,https://github.com/bioinfo-biols/CIRI-full,https://anaconda.org/bioconda/ciri-full,,n,n,n,n,n,Y,N,152,25.33333333,
CIRCexplorer,https://doi.org/10.1016/j.cell.2014.09.001,Detecting circRNA,2014,Y,N,Y,N,Y,N,N,Y,N,N,Y,1,30,2,0,0,0,0.09090909091,2.5,0.1666666667,0,0,0,"1,2,3",Y,Y,Y,https://yanglab.github.io/CIRCexplorer/,N,n,https://anaconda.org/bioconda/circexplorer,,https://hub.docker.com/r/conidiobolus/ddxl-circexplorer,https://pypi.org/project/CIRCexplorer/#description,n,n,n,Y,MIT,1599,145.3636364,
CIRI-AS,https://doi.org/10.1038/ncomms12060,Detecting circRNA,2016,N,N,Y,N,N,N,N,N,N,N,Y,0,0,0,0,0,2,0,0,0,0,0,0.2,"1,3",Y,N,Y,https://sourceforge.net/projects/ciri/,N,https://sourceforge.net/projects/ciri/,,,https://hub.docker.com/r/nunoagostinho/ciri-as,,,,,N,GPL2,282,31.33333333,
Sailfish-cir,https://doi.org/10.1093/bioinformatics/btx129,Detecting circRNA,2017,N,N,Y,N,N,N,N,N,N,N,N,0,0,0,0,0,2,0,0,0,0,0,0.2222222222,1,Y,N,N,https://github.com/zerodel/Sailfish-cir,N,https://github.com/zerodel/Sailfish-cir,n,,n,n,n,n,n,Y,N,60,7.5,
CLEAR,https://doi.org/10.1016/j.gpb.2019.11.004,Detecting circRNA,2019,N,N,Y,N,N,N,N,Y,Y,Y,N,0,0,2,0,0,1,0,0,0.2857142857,0,0,0.1428571429,"1,2,3",Y,Y,Y,https://github.com/YangLab/CLEAR,N,https://github.com/YangLab/CLEAR,n,,https://hub.docker.com/r/bwhbioinformaticshub/circexplorer2,https://pypi.org/project/CIRCexplorer/#history,n,https://manpages.ubuntu.com/manpages/bionic/man1/,n,N,GPLv3,76,12.66666667,
CIRCexplorer2,https://doi.org/10.1101/gr.202895.115,Detecting circRNA,2016,Y,N,Y,Y,Y,N,N,Y,N,Y,Y,0,19,19,0,0,16,0,1.9,1.9,0,0,1.6,"1,2,3",Y,Y,Y,http://www.picb.ac.cn/rnomics/circpedia,N,https://github.com/YangLab/CIRCexplorer2,https://anaconda.org/bioconda/CIRCexplorer2,,https://hub.docker.com/r/bwhbioinformaticshub/circexplorer2,https://pypi.org/project/CIRCexplorer2,,,http://yang-laboratory.com/circpedia/search,Y,Copyright,937,104.1111111,
find_circ,https://doi.org/10.1038/nature11928,Detecting circRNA,2013,N,N,Y,N,Y,N,N,N,N,Y,Y,0,1,0,0,0,1,0,0.07692307692,0,0,0,0.07692307692,"1,2,3",Y,Y,Y,,N,https://github.com/marvin-jens/find_circ,https://anaconda.org/bioconda/find_circ,,https://hub.docker.com/r/barryd237/find_circ,,,,,N,GPL3,7736,644.6666667,
circRNA_finder,https://doi.org/10.1016/j.celrep.2014.10.062,Detecting circRNA,2014,N,N,Y,N,Y,N,N,N,N,Y,Y,0,1,0,0,0,2,0,0.08333333333,0,0,0,0.1666666667,"1,2,3",Y,Y,Y,https://github.com/orzechoj/circRNA_finder,N,https://github.com/orzechoj/circRNA_finder,https://anaconda.org/bioconda/circRNA_finder,,https://hub.docker.com/r/barryd237/circrna_finder,,,,,N,MIT,999,90.81818182,
KNIFE,https://doi.org/10.1186/s13059-015-0690-5,Detecting circRNA,2015,N,N,Y,N,N,N,N,N,N,N,N,0,0,0,0,0,6,0,0,0,0,0,0.5454545455,"1,3",Y,N,Y,https://github.com/lindaszabo/KNIFE,N,https://github.com/lindaszabo/KNIFE,,,,,,,,Y,No License,610,61,
DCC,https://doi.org/10.1093/bioinformatics/btv656,Detecting circRNA,2016,N,N,Y,N,Y,N,N,N,N,Y,N,0,1,0,0,0,11,0,0.1,0,0,0,1.1,"1,2,3",Y,Y,Y,https://github.com/dieterich-lab/DCC,N,https://github.com/dieterich-lab/DCC,https://anaconda.org/bioconda/DCC,,,,,,,Y,GPL3,364,40.44444444,
CIRI-vis,https://doi.org/10.1093/bioinformatics/btaa033,Detecting circRNA,2020,N,N,Y,N,N,N,N,N,N,N,N,0,0,0,0,0,1,0,0,0,0,0,0.1666666667,"1,3",Y,N,Y,https://sourceforge.net/projects/ciri/files/CIRI-vis/,N,https://sourceforge.net/projects/ciri/files/CIRI-vis/,n,,n,n,n,n,n,N,N,19,3.8,
Ularcirc,https://doi.org/10.1093/nar/gkz718,Detecting circRNA,2019,N,N,Y,N,N,Y,N,N,N,Y,N,0,0,0,0,46,1,0,0,0,0,6.571428571,0.1428571429,"1,2,3",Y,Y,Y,https://github.com/VCCRI/Ularcirc,N,https://github.com/VCCRI/Ularcirc,n,,n,n,https://www.bioconductor.org/packages/devel/bioc/html/Ularcirc.html,n,n,Y,GPL3.0,31,5.166666667,
circAST,https://doi.org/10.1016/j.gpb.2019.03.004,Detecting circRNA,2019,N,N,Y,N,N,N,N,N,N,N,N,0,0,0,0,0,0,0,0,0,0,0,0,1,Y,N,N,https://github.com/xiaofengsong/CircAST.,N,https://github.com/xiaofengsong/CircAST.,n,,n,n,n,n,n,Y,N,53,8.833333333,
CIRIquant,https://doi.org/10.1038/s41467-019-13840-9,Detecting circRNA,2020,N,N,N,N,N,N,N,N,N,N,N,0,0,0,0,0,0,0,0,0,0,0,0,,N,N,N,,N,,,,,,,,,N,N,,,
HTSFilter,https://doi.org/10.1093/bioinformatics/btt350,Differential expression,2013,N,N,Y,N,Y,Y,N,N,N,Y,Y,0,0,0,0,24,0,0,0,0,0,1.846153846,0,"1,2,3",Y,Y,Y,,N,,,,https://biocontainers.pro/tools/bioconductor-htsfilter,,https://bioconductor.org/packages/release/bioc/html/HTSFilter.html,,,N,Artistic-2.0,256,21.33333333,
EBSeq,"https://doi.org/10.1093/bioinformatics/btt087 , https://doi.org/10.1093/bioinformatics/btt337",Differential expression,2013,N,N,Y,N,N,Y,N,N,N,N,Y,0,0,0,0,23,0,0,0,0,0,1.769230769,0,"1,2,3",Y,Y,Y,https://www.biostat.wisc.edu/~kendzior/EBSEQ/,N,,,,https://hub.docker.com/r/biocontainers/bioconductor-ebseq,,https://bioconductor.org/packages/release/bioc/html/EBSeq.html,,,Y,Artistic-2.0,1402,116.8333333,
sSeq,https://doi.org/10.1093/bioinformatics/btt143,Differential expression,2013,N,N,Y,N,N,Y,N,N,N,N,Y,0,0,0,0,23,0,0,0,0,0,1.769230769,0,"1,2,3",Y,Y,Y,http://www.stat.purdue.edu/%E2%88%BCovitek/Software.html,Y,,,,https://biocontainers.pro/tools/bioconductor-sseq,,https://bioconductor.org/packages/release/bioc/html/sSeq.html,,https://web.archive.org/web/20210518163548/https://www.stat.purdue.edu/~dyu/sSeq/sSeq/Home.html,Y,GPL (>= 3),161,13.41666667,
SAMseq,https://doi.org/10.1177/0962280211428386,Differential expression,2011,N,N,N,N,N,N,N,N,N,N,N,0,0,0,0,0,0,0,0,0,0,0,0,,N,N,N,,Y,,,,,,,,,N,N,587,41.92857143,
Dexseq,https://pmc.ncbi.nlm.nih.gov/articles/PMC3460195/,Differential expression,2012,Y,N,Y,N,Y,Y,N,N,N,N,Y,0,55,0,0,28,0,0,3.928571429,0,0,2,0,"1,2,",Y,Y,N,https://anaconda.org/bioconda/bioconductor-dexseq,N,n,https://anaconda.org/bioconda/bioconductor-dexseq,,https://hub.docker.com/r/machalen/dexseq,n,n,n,https://usegalaxy.org/?tool_id=toolshed.g2.bx.psu.edu%2Frepos%2Fiuc%2Fdexseq%2Fdexseq%2F1.48.0%2Bgalaxy1&version=latest and https://usegalaxy.eu/?tool_id=toolshed.g2.bx.psu.edu%2Frepos%2Fiuc%2Fdexseq%2Fdexseq%2F1.48.0%2Bgalaxy1&version=latest,Y,GPL (>= 3),1835,141.1538462,
NOISeq,https://doi.org/10.1101/gr.124321.111,Differential expression,2011,N,N,Y,N,N,Y,N,N,N,N,Y,0,0,0,0,25,0,0,0,0,0,1.666666667,0,"1,2,3",Y,Y,Y,http://bioinfo.cipf.es/noiseq,N,,,,https://biocontainers.pro/tools/bioconductor-noiseq,,http://www.bioconductor.org/packages/release/bioc/html/NOISeq.html,,,Y,Artistic-2.0,1719,122.7857143,
edgeR,https://doi.org/10.1093/bioinformatics/btp616,Differential expression,2010,Y,Y,Y,N,N,Y,N,N,N,N,Y,0,0,0,0,33,0,0,0,0,0,2.0625,0,"1,2,3",Y,Y,Y,,N,,https://anaconda.org/bioconda/bioconductor-edger,,https://hub.docker.com/r/hdng/edger,,https://bioconductor.org/packages/edgeR/,,,N,GPL (>=2),40445,2696.333333,
PyDESeq2,https://doi.org/10.1093/bioinformatics/btad547,Differential expression,2023,N,N,Y,N,Y,N,N,Y,N,Y,Y,0,1,27,0,0,26,0,0.3333333333,9,0,0,8.666666667,"1,2,3",Y,Y,Y,https://github.com/owkin/PyDESeq2 and https://pydeseq2.readthedocs.io,N,https://github.com/owkin/PyDESeq2,https://anaconda.org/bioconda/pydeseq2,,https://hub.docker.com/r/illumination27/pydeseq2,https://pydeseq2.readthedocs.io,N,N,N,N,MIT,124,62,
BADGE,https://doi.org/10.1186/1471-2105-15-s9-s6,Differential expression,2014,N,N,N,N,N,N,N,N,N,N,N,0,0,0,0,0,0,0,0,0,0,0,0,-,N,N,N,http://www.cbil.ece.vt.edu/software.htm,Y,,,,,,,,http://www.cbil.ece.vt.edu/software.htm AND https://dlrl.ece.vt.edu/software/ (the links to badge manual and .rar file doesn't work),Y,NA due to links being broken,19,1.727272727,
DSS,https://doi.org/10.1093/biostatistics/kxs033,Differential expression,2013,N,N,Y,N,N,Y,N,N,N,N,N,0,0,0,0,1,0,0,0,0,0,0.07692307692,0,"1,2",Y,Y,N,https://bioconductor.org/packages/DSS,Y,n,n,,n,n,https://www.bioconductor.org/packages/release/bioc/html/DSS.html,n,n,Y,GPL,285,23.75,
metaRNASeq,https://doi.org/10.1186/1471-2105-15-91,Differential expression,2014,N,N,Y,N,Y,N,Y,N,N,N,Y,0,5,0,6,0,0,0,0.4166666667,0,0.5,0,0,"1,2,3",Y,Y,Y,http://cran.r-project.org/web/packages/metaRNASeq,N,,"https://anaconda.org/conda-forge/r-metarnaseq
  https://anaconda.org/bioconda/r-metarnaseq",,https://biocontainers.pro/tools/r-metarnaseq,,http://cran.r-project.org/web/packages/metaRNASeq,,,N,"GPL, GPL-2.0-or-later",168,15.27272727,
compcodeR,https://doi.org/10.1093/bioinformatics/btu324,Differential expression,2014,N,N,Y,N,Y,Y,N,N,N,N,N,0,13,0,0,23,1,0,1.083333333,0,0,1.916666667,0.08333333333,"1,2,3",Y,Y,Y,https://www.bioconductor.org/packages/release/bioc/html/compcodeR.html,N,https://github.com/csoneson/compcodeR,https://anaconda.org/bioconda/bioconductor-compcoder,,,,https://bioconductor.org/packages/release/bioc/html/compcodeR.html,,,N,"GPL3, GPL2",63,5.727272727,Yes
DSGseq,https://doi.org/10.1016/j.gene.2012.11.045,Differential expression,2013,N,N,N,N,N,N,N,N,N,N,N,0,0,0,0,0,0,0,0,0,0,0,0,,N,N,N,http://bioinfo.au.tsinghua.edu.cn/software/degseq,Y,,,,,,,,https://web.archive.org/web/20221003112916/http://bioinfo.au.tsinghua.edu.cn/software/DSGseq/,N,N,73,6.083333333,
Corset,https://doi.org/10.1186/s13059-014-0410-6,Differential expression,2014,N,N,Y,N,Y,N,N,N,N,N,N,0,3,0,0,0,7,0,0.25,0,0,0,0.5833333333,"1,2,3",Y,Y,Y,https://code.google.com/archive/p/corset-project/,N,https://github.com/Oshlack/Corset/wiki AND https://code.google.com/archive/p/corset-project/,https://anaconda.org/bioconda/corset,,,,,,,Y,GPL3,677,61.54545455,
PoissonSeq,https://doi.org/10.1093/biostatistics/kxr031,Differential expression,2012,N,N,Y,N,Y,N,N,N,N,N,N,1,1,0,0,0,0,0.07692307692,0.07142857143,0,0,0,0,2 only,N,Y,N,https://cran.r-project.org/web/packages/PoissonSeq/index.html,Y,n,https://anaconda.org/r/r-poissonseq,,n,n,n,n,n,Y,n,465,35.76923077,
rMATS ( formerly known as RNASeq-MATS),https://doi.org/10.1073/pnas.1419161111 AND https://doi.org/10.1007/978-1-62703-514-9_10,Differential expression,2013,N,N,Y,N,Y,N,N,N,N,Y,Y,0,8,0,0,0,31,0,0.6153846154,0,0,0,2.384615385,"1,2,3",Y,Y,Y,https://rnaseq-mats.sourceforge.io/,N,rnaseq-mats.sourceforge.net AND https://github.com/Xinglab/rmats-turbo/tree/v4.3.0?tab=License-1-ov-file,https://anaconda.org/bioconda/rmats,,https://hub.docker.com/r/xinglab/rmats,,,,,Y,BDS-2-Clause License,2366,197.1666667,
Characteristic Direction,https://doi.org/10.1186/1471-2105-15-79,Differential expression,2014,N,N,N,N,N,N,N,N,N,N,N,0,0,0,0,0,0,0,0,0,0,0,0,,N,N,N,http://www.maayanlab.net/CD,Y,,,,,,,,https://web.archive.org/web/20241208082709/https://maayanlab.net/CD/,N,N,208,18.90909091,
DESeq,https://link.springer.com/article/10.1186/gb-2010-11-10-r106,Differential expression,2010,N,N,Y,N,Y,Y,N,N,N,N,Y,0,25,0,0,1,0,0,1.5625,0,0,0.0625,0,"1,2,3",Y,Y,Y,https://bioconductor.org/packages/release/bioc/html/DESeq.html,Y,n,https://anaconda.org/bioconda/bioconductor-deseq,,https://hub.docker.com/r/genomicpariscentre/deseq,n,https://bioconductor.org/packages/release/bioc/html/DESeq.html,n,n,Y,"GNU General Public License (GPL), version 3",17725,1181.666667,
ssGSEA2.0,http://doi.org/10.1074/mcp.TIR118.000943,Differential expression,2019,Y,Y,Y,N,N,N,N,N,N,N,N,0,0,0,0,0,1,0,0,0,0,0,0.1428571429,1,Y,N,N,https://github.com/broadinstitute/ssGSEA2.0,N,https://github.com/broadinstitute/ssGSEA2.0,,,,,,,https://tinyurl.com/PTM-SEA-GP,N,A BSD style license https://github.com/broadinstitute/ssGSEA2.0?tab=License-1-ov-file,282,47,
NPEBSeq,https://doi.org/10.1186/1471-2105-14-262,Differential expression,2013,N,N,N,N,N,N,N,N,N,N,N,0,0,0,0,0,0,0,0,0,0,0,0,,N,N,N,http://bioinformatics.wistar.upenn.edu/NPEBseq,Y,,,,,,,,,N,N,42,,
DEXUS,10.1093/nar/gkt834,Differential expression,2013,N,N,Y,N,Y,Y,N,N,N,N,N,1,20,0,0,0,0,0.08333333333,1.538461538,0,0,0,0,"1,2,3",Y,Y,Y,https://www.bioinf.jku.at/software/dexus/,Y,n,n,,n,n,https://www.bioconductor.org/packages/devel/bioc/html/dexus.html,n,n,N,N,28,2.333333333,
DESeq2,https://doi.org/10.1186/s13059-014-0550-8,Differential expression,2014,Y,Y,Y,Y,Y,Y,Y,N,N,Y,Y,0,21,0,0,24,1,0,1.75,0,0,2,0.08333333333,"1,2,3",Y,Y,Y,https://bioconductor.org/packages/release/bioc/html/DESeq2.html,N,,https://anaconda.org/bioconda/bioconductor-deseq2,,https://hub.docker.com/r/nanozoo/deseq2,,https://bioconductor.org/packages/release/bioc/html/DESeq2.html AND https://bioc.r-universe.dev/DESeq2,,,Y,LGPL3,76979,6998.090909,
ReQTL,https://doi.org/10.1101/464206,Differential expression,2018,N,N,Y,N,N,N,N,N,N,N,N,0,0,0,0,0,1,0,0,0,0,0,0.125,"1,3",Y,N,Y,no link in the paper,N,https://github.com/HorvathLab/ReQTL,,,,,,,,Y,No license info,13,1.857142857,
ALONA,10.1093/bioinformatics/btaa269,Differential expression,2020,Y,N,Y,N,N,N,N,Y,N,Y,N,1,0,0,0,0,0,0.2,0,0,0,0,0,"1,2",Y,Y,N,https://alona.panglaodb.se/,Y,https://oscar-franzen.github.io/adobo/,n,,n,n,n,n,n,Y,N,35,7,
Yanagi,https://doi.org/10.1186/s12859-019-2947-6,Differential expression,2019,N,N,Y,N,N,N,N,N,N,N,N,0,0,0,0,0,1,0,0,0,0,0,0.1428571429,"1,2",Y,Y,N,https://github.com/HCBravoLab/yanagi,N,https://github.com/HCBravoLab/yanagi,N,,N,N,N,N,N,N,MIT,8,1.333333333,
SIBER,10.1093/bioinformatics/bts713,Differential expression,2013,N,N,Y,N,N,N,Y,N,N,N,N,1,0,0,1,0,0,0.08333333333,0,0,0.07692307692,0,0,0,N,N,N,https://bioinformatics.mdanderson.org/main/OOMPA:Overview,Y,n,n,,n,n,n,n,n,Y,N,26,2.166666667,
Fun-LDA,10.1016/j.ajhg.2018.03.026,Differential expression,2018,N,N,Y,N,N,N,Y,N,N,N,N,1,0,0,1,0,0,0.1428571429,0,0,0.125,0,0,0,N,N,N,http://www.funlda.com/,Y,n,n,,n,n,https://cran.r-project.org/web/packages/FUNLDA,n,n,Y,N,85,12.14285714,
DeepSEA,https://doi.org/10.1038/s41588-022-01102-2,Differential expression,2022,N,N,Y,N,Y,N,N,N,N,N,N,0,2,0,0,0,2,0,0.5,0,0,0,0.5,"1,2",Y,Y,N,https://github.com/jzhoulab/orca?tab=License-1-ov-file,N,https://github.com/jzhoulab/orca?tab=License-1-ov-file,https://anaconda.org/imperial-college-research-computing/deepsea,,https://hub.docker.com/search?q=DeepSEA+,n,n,n,n,N,The University of Texas Southwestern Medical Center,134,44.66666667,
BubbleGUM,10.1186/s12864-015-2012-4,Differential expression,2015,Y,N,N,N,N,N,N,N,N,N,N,2,0,0,0,0,0,0.2,0,0,0,0,0,"1,3",Y,N,Y,http://www.ciml.univ-mrs.fr/applications/BubbleGUM/index.html,N,n,n,,n,n,n,http://www.ciml.univ-mrs.fr/applications/BubbleGUM/index.html,n,N,EUPL v.1.1,80,8,
GSVA,https://doi.org/10.1186/1471-2105-14-7,Differential expression,2013,N,N,Y,N,N,Y,N,N,N,Y,Y,0,0,0,0,7,0,0,0,0,0,2,0,"1,2,3",Y,Y,Y,https://www.bioconductor.org/packages/release/bioc/html/GSVA.html,N,https://github.com/rcastelo/GSVA,,,https://biocontainers.pro/tools/bioconductor-gsva,,https://www.bioconductor.org/packages/release/bioc/html/GSVA.html,,,Y,GPL (>= 2),11215,934.5833333,Yes
BaySeq,10.1186/1471-2105-11-422,Differential expression,2010,N,N,Y,N,Y,Y,N,N,N,N,N,0,22,0,0,1,0,0,1.375,0,0,0.0625,0,"1,2,",Y,Y,N,https://www.bioconductor.org/packages/2.6/bioc/html/baySeq.html,N,n,https://anaconda.org/bioconda/bioconductor-bayseq,,n,n,https://www.bioconductor.org/packages/2.6/bioc/html/baySeq.html,n,n,Y,GPL-3,1006,67.06666667,
Limma/Voom,https://doi.org/10.1186/gb-2014-15-2-r29,Differential expression,2014,Y,Y,Y,Y,Y,Y,Y,N,N,N,Y,0,34,0,41,42,0,0,2.833333333,0,3.416666667,3.5,0,"1,2,3",Y,Y,Y,-,N,https://github.com/gangwug/limma,https://anaconda.org/bioconda/bioconductor-limma,,https://hub.docker.com/r/lifebitai/limma,,https://bioconductor.org/packages/release/bioc/html/limma.html AND https://cran.r-project.org/src/contrib/Archive/limma/,,https://bioinf.wehi.edu.au/limma/,Y,"GPL2, GPL3",6135,557.7272727,
Ballgown,https://doi.org/10.1038/nbt.3172,Differential expression,2015,N,N,Y,N,Y,Y,N,N,N,N,Y,0,15,0,0,21,0,0,1.363636364,0,0,1.909090909,0,"1,2",Y,Y,N,http://www.bioconductor.org/packages/release/bioc/html/ballgown.html AND https://github.com/alyssafrazee/ballgown,N,https://github.com/alyssafrazee/ballgown,https://anaconda.org/bioconda/bioconductor-ballgown/files,,https://hub.docker.com/r/kapeel/ballgown,,https://bioconductor.org/packages/release/bioc/html/ballgown.html,,,Y,Artistic 2.0,760,76,
vast-tools,https://doi.org/10.1101/gr.220962.117,Differential expression,2017,N,N,Y,N,N,N,N,N,N,Y,Y,0,0,0,0,0,26,0,0,0,0,0,2.888888889,"1,3",Y,N,Y,https://github.com/vastgroup/vast-tools,N,https://github.com/vastgroup/vast-tools,,,https://hub.docker.com/r/vastgroup/vast-tools,,,,,Y,MIT,421,52.625,Yes
Whippet,https://pubmed.ncbi.nlm.nih.gov/30220560,Differential expression,2018,N,N,Y,N,N,N,N,N,N,N,Y,0,0,0,0,0,31,0,0,0,0,0,3.875,1,Y,N,N,https://github.com/timbitz/Whippet.jl,N,https://github.com/timbitz/Whippet.jl,,,https://hub.docker.com/r/nunoagostinho/whippet,,,,,Y,MIT,178,25.42857143,
Monocle 3,https://doi.org/10.1038/s41586-019-0969-x,Differential expression,2019,Y,Y,Y,N,Y,Y,N,N,N,Y,Y,0,7,0,0,22,9,0,1,0,0,3.142857143,1.285714286,"1,2,3",Y,Y,Y,http://cole-trapnell-lab.github.io/monocle-release/monocle3,N,http://cole-trapnell-lab.github.io/monocle-release/monocle3,https://anaconda.org/bioconda/r-monocle3,,https://biocontainers.pro/tools/r-monocle3,,https://bioconductor.org/packages/release/bioc/html/monocle.html,,,N,MIT License,3320,553.3333333,
Slide-seq,http://doi.org/10.1126/science.aaw1219,Differential expression,2019,N,N,N,N,N,N,N,N,N,N,N,0,0,0,0,0,0,0,0,0,0,0,0,,N,N,N,,N,,,,,,,,,N,N,,,
Swish,https://doi.org/10.1093/nar/gkz622,Differential expression,2019,N,N,Y,N,N,Y,N,N,Y,N,N,0,0,0,0,3,1,0,0,0,0,0.4285714286,0.1428571429,"1,2",Y,Y,N,https://github.com/azhu513/swishPaper,N,https://github.com/azhu513/swishPaper,N,,N,N,https://bioconductor.org/packages/release/bioc/html/fishpond.html,https://formulae.brew.sh/cask/swish#default and https://manpages.ubuntu.com/manpages/bionic/man1/,N,Y,GPL-2,107,17.83333333,
GSEA,"https://doi.org/10.1038/ng1180
  https://doi.org/10.1073/pnas.0506580102",Differential expression,2003,N,N,Y,N,Y,N,N,N,N,Y,Y,1,1,0,0,0,17,0.04545454545,0.04347826087,0,0,0,0.7391304348,"1,2",Y,Y,N,,Y,"https://github.com/GSEA-MSigDB/gsea-desktop
  https://github.com/GSEA-MSigDB/GSEA_R",https://anaconda.org/bioconda/GSEA,,https://biocontainers.pro/tools/gsea,,,,https://www.gsea-msigdb.org/gsea/index.jsp,N,https://www.gsea-msigdb.org/gsea/license_terms_list.jsp + BSD3(from Anaconda),61740,2806.363636,
JAFFA,https://doi.org/10.1186/s13073-015-0167-x,Fusion detection,2015,N,N,N,N,N,N,N,N,N,N,Y,0,0,0,0,0,0,0,0,0,0,0,0,,N,N,N,,N,,,,,,,,,N,N,,,
EricScript,https://doi.org/10.1093/bioinformatics/bts617,Fusion detection,2012,N,N,Y,N,Y,N,N,N,N,Y,Y,0,1,0,0,0,20,0,0.07142857143,0,0,0,1.428571429,"1,2",Y,Y,N,http://ericscript.sourceforge.net/,Y,https://sourceforge.net/projects/ericscript/files/,https://anaconda.org/bioconda/EricScript,,https://hub.docker.com/r/cgrlab/ericscript,,,,,Y,GPL v3,214,16.46153846,
Bellerophontes,https://doi.org/10.1093/bioinformatics/bts334,Fusion detection,2012,N,N,Y,N,N,N,N,N,N,Y,N,1,0,0,0,0,0,0.07692307692,0,0,0,0,0,"1,3",Y,N,Y,http://eda.polito.it/bellerophontes/,N,,,,,,,,http://eda.polito.it/bellerophontes/,Y,N,49,3.769230769,
Dissect,https://doi.org/10.1093/bioinformatics/bts214,Fusion detection,2012,N,N,Y,N,N,N,N,N,N,N,N,0,0,0,0,0,2,0,0,0,0,0,0.1428571429,,N,N,N,http://dissect-trans.sourceforge.net/,Y,https://web.archive.org/web/20230320233432/https://dissect-trans.sourceforge.net/Home,,,,,,,,N,N,28,2.153846154,
Barnacle,https://doi.org/10.1186/1471-2164-14-550,Fusion detection,2013,N,N,Y,N,N,N,N,N,N,Y,N,4,0,0,0,0,0,0.3333333333,0,0,0,0,0,1,Y,N,N,https://www.bcgsc.ca/resources/software/barnacle,N,,,,,,,,https://www.bcgsc.ca/resources/software/barnacle,Y,BCCA (academic use),18,1.5,
Pegasus,https://doi.org/10.1186/s12918-014-0097-z,Fusion detection,2014,N,N,Y,N,N,N,N,N,N,N,N,0,0,0,0,0,3,0,0,0,0,0,0.25,1,Y,N,N,https://sourceforge.net/projects/pegasus-fus/,N,https://sourceforge.net/projects/pegasus-fus/ AND https://github.com/RabadanLab/Pegasus,,,,,,,,Y,MIT,80,7.272727273,
FusionCatcher,https://doi.org/10.1101/011650,Fusion detection,2014,N,N,Y,N,Y,N,N,N,N,Y,Y,0,5,0,0,0,5,0,0.4166666667,0,0,0,0.4166666667,"1,2",Y,Y,N,http://code.google.com/p/fusioncatcher/,N,http://code.google.com/p/fusioncatcher/ directed to https://github.com/ndaniel/fusioncatcher,https://anaconda.org/bioconda/FusionCatcher,,https://hub.docker.com/r/clinicalgenomics/fusioncatcher AND https://hub.docker.com/r/kbearelle/fusioncatcher,,,,,Y,GPL3,431,39.18181818,
BreakFusion,https://doi.org/10.1093/bioinformatics/bts272,Fusion detection,2012,N,N,Y,N,N,N,N,N,N,N,N,1,0,0,0,0,0,0.07692307692,0,0,0,0,0,"1,3",Y,N,Y,https://bioinformatics.mdanderson.org/public-software/breakfusion/,N,,,,,,,,https://bioinformatics.mdanderson.org/public-software/breakfusion/,Y,GPL v3,70,5.384615385,
TRUP,https://doi.org/10.1186/s13059-014-0558-0,Fusion detection,2015,N,N,Y,N,N,N,N,N,N,Y,N,0,0,0,0,0,1,0,0,0,0,0,0.09090909091,"1,3",Y,N,Y,https://github.com/ruping/TRUP,N,https://github.com/ruping/TRUP,,,,,,,,Y,No License,66,6.6,
INTEGRATE,https://doi.org/10.1101/gr.186114.114,Fusion detection,2016,N,N,Y,N,N,N,N,N,N,N,N,0,0,0,0,0,4,0,0,0,0,0,0.4,"1,3",Y,N,Y,https://sourceforge.net/projects/integrate-fusion/,N,https://sourceforge.net/projects/integrate-fusion/,,,,,,,,Y,GPL3,138,15.33333333,
FusionHunter,https://doi.org/10.1093/bioinformatics/btr265,Fusion detection,2011,N,N,Y,N,N,N,N,N,N,N,N,2,0,0,0,0,0,0.1428571429,0,0,0,0,0,"1,3",Y,N,Y,http://bioen-compbio.bioen.illinois.edu/FusionHunter/,Y,,,,,,,,https://web.archive.org/web/20171115071425/http://bioen-compbio.bioen.illinois.edu/FusionHunter/,N,The GNU General Public License v3.0,122,8.714285714,
FusionQ,https://doi.org/10.1186/1471-2105-14-193,Fusion detection,2013,N,N,Y,N,N,N,N,N,N,N,Y,0,0,0,0,0,0,0,0,0,0,0,0,,N,N,N,https://www.wakehealth.edu/ctsb/software/software.htm,Y,,,,https://hub.docker.com/r/kbearelle/fusionq,,,,,Y,N,39,3.25,
ChimeraScan,https://doi.org/10.1093/bioinformatics/btr467,Fusion detection,2011,N,N,Y,N,N,N,N,N,N,Y,Y,0,0,0,0,0,8,0,0,0,0,0,0.5333333333,"1,3",Y,N,Y,http://chimerascan.googlecode.com/,Y,https://code.google.com/archive/p/chimerascan/,,,https://hub.docker.com/r/cgrlab/chimerascan,,,,,Y,GNU GPL v3,336,24,
COMRAD,10.1093/bioinformatics/btr184,Fusion detection,2011,N,N,Y,N,N,N,N,N,N,N,N,1,0,0,0,0,0,0.07142857143,0,0,0,0,0,0,N,N,N,http://compbio.cs.sfu.ca/,Y,n,n,,n,n,n,http://compbio.cs.sfu.ca/,n,N,N/a,38,2.714285714,
deFuse,https://doi.org/10.1371/journal.pcbi.1001138,Fusion detection,2011,N,N,Y,N,Y,N,N,N,N,Y,Y,0,8,0,0,0,20,0,0.5333333333,0,0,0,1.333333333,"1,2,3",Y,Y,Y,http://compbio.bccrc.ca/,Y,"https://sourceforge.net/projects/defuse/
  https://bitbucket.org/dranew/defuse/src/master/
  https://github.com/amcpherson/defuse",https://anaconda.org/dranew/defuse,,https://hub.docker.com/r/defuse/defuse,,,,,Y,Custom(Academic Use): https://github.com/amcpherson/defuse?tab=License-1-ov-file,636,45.42857143,
TopHat-fusion,https://doi.org/10.1186/gb-2011-12-8-r72,Fusion detection,2011,Y,Y,N,N,N,N,N,N,N,Y,N,0,0,0,0,0,0,0,0,0,0,0,0,,N,N,N,http://tophat-fusion.sourceforge.net/,Y,,,,,,,,,N,N,926,66.14285714,
FusionAnalyser,10.1093/nar/gks394,Fusion detection,2012,N,N,Y,N,N,N,N,N,N,N,N,1,0,0,0,0,0,0.07692307692,0,0,0,0,0,0,N,N,N,http://www.ilte-cml.org/FusionAnalyser,Y,n,n,,n,n,n,n,n,Y,N/a,31,2.384615385,
SnowShoes-FTD,10.1093/nar/gkr362,Fusion detection,2011,N,N,Y,N,N,N,N,N,N,N,N,1,0,0,0,0,0,0.07142857143,0,0,0,0,0,0,N,N,N,https://mayoresearch.mayo.edu/mayo/research/biostat/stand-alone-packages.cfm,Y,n,n,,n,n,n,https://mayoresearch.mayo.edu/mayo/research/biostat/stand-alone-packages.cfm,n,N,N/a,95,6.785714286,
FusionFinder,10.1371/journal.pone.0039987,Fusion detection,2012,N,N,Y,N,N,N,N,N,N,N,N,0,0,0,0,0,0,0,0,0,0,0,0,0,N,N,N,https://www.thekids.org.au/,Y,n,n,,n,n,n,https://www.thekids.org.au/,n,Y,GNU general public license,45,3.461538462,
SOAPFuse,10.1186/gb-2013-14-2-r12,Fusion detection,2013,N,N,Y,N,Y,N,N,N,N,N,N,1,0,0,0,0,0,0.08333333333,0,0,0,0,0,0,N,N,N,http://soap.genomics.org.cn/soapfuse.html,Y,n,https://anaconda.org/isotex/soapfuse,,n,n,n,n,n,N,MIT,224,18.66666667,
BreakTrans,doi.org/10.1186/gb-2013-14-8-r87,Fusion detection,2013,N,N,Y,N,N,N,N,N,N,N,N,1,0,0,0,0,0,0.08333333333,0,0,0,0,0,"1,3",Y,N,Y,http://bioinformatics.mdanderson.org/main/BreakTrans,Y,,,,,,,,https://bioinformatics.mdanderson.org/public-software/breaktrans/,Y,GPL3,30,2.5,
INTEGRATE-Vis,https://doi.org/10.1038/s41598-017-18257-2,Fusion detection,2017,N,N,Y,N,N,N,N,N,N,N,Y,0,0,0,0,0,1,0,0,0,0,0,0.1111111111,"1,3",Y,N,Y,https://github.com/ChrisMaherLab/INTEGRATE-Vis,N,https://github.com/ChrisMaherLab/INTEGRATE-Vis,,,https://hub.docker.com/r/mjinkm/integrate-vis AND https://hub.docker.com/r/jbwebster/integratevis_docker,,,,,N,No License,12,1.5,
FusionSeq,https://pmc.ncbi.nlm.nih.gov/articles/PMC3218660/,Fusion detection,2010,N,N,Y,N,N,N,N,N,N,N,N,1,0,0,0,0,0,0.06666666667,0,0,0,0,0,"1,3",Y,N,Y,http://archive.gersteinlab.org/proj/rnaseq/fusionseq/,N,n,n,,https://hub.docker.com/r/brownmp/viralfusionseq,n,n,n,n,Y,n,197,13.13333333,Yes
Fusion Inspector,https://pmc.ncbi.nlm.nih.gov/articles/PMC10261907/,Fusion detection,2023,N,N,Y,N,Y,N,N,N,N,N,N,0,11,0,0,0,29,0,3.666666667,0,0,0,9.666666667,"1,2",Y,Y,N,https://github.com/FusionInspector/FusionInspector,N,https://github.com/FusionInspector/FusionInspector,https://anaconda.org/bioconda/fusion-inspector,,n,n,n,n,n,N,"The Broad Institute, Inc.",24,12,
FusionMap,https://doi.org/10.1093/bioinformatics/btr310,Fusion detection,2011,N,N,Y,N,N,N,N,N,N,Y,N,0,0,0,0,0,0,0,0,0,0,0,0,0,N,N,N,http://www.omicsoft.com/fusionmap,Y,n,n,,n,n,n,http://www.omicsoft.com/fusionmap,n,Y,n,238,17,
PRADA,https://doi.org/10.1093/bioinformatics/btu169,Fusion detection,2014,N,N,Y,N,Y,Y,N,N,N,N,Y,0,8,0,0,18,2,0,0.6666666667,0,0,1.5,0.1666666667,"1,2,3",Y,Y,Y,https://sourceforge.net/projects/prada/,N,https://sourceforge.net/projects/prada/,https://anaconda.org/bioconda/bioconductor-PRADA,,https://hub.docker.com/r/thomasvyu/prada,,https://bioconductor.org/packages//2.10/bioc/html/prada.html,,,Y,LGPL,184,16.72727273,
STAR-Fusion,https://doi.org/10.1186/s13059-019-1842-9,Fusion detection,2019,Y,N,Y,Y,Y,N,N,N,N,Y,Y,40,26,0,0,0,40,6.67,4.3,0,0,0,0,"1,2,3",Y,Y,Y,https://github.com/STAR-Fusion/STAR-Fusion,N,https://github.com/STAR-Fusion/STAR-Fusion,https://anaconda.org/bioconda/star-fusion,,https://hub.docker.com/r/kfdrc/star-fusion,,,,,Y,BSD-3,533,88.83333333,
GeneMark-ET,doi.org/10.1093/bioinformatics/btv661,Gene annotations,2015,N,N,N,N,N,N,N,N,N,N,N,0,0,0,0,0,0,0,0,0,0,0,0,,N,N,N,,N,,,,,,,,,N,N,,,
GetUTR,doi.org/10.1016/j.ymeth.2015.04.011,Gene annotations,2015,N,N,Y,N,N,N,N,N,N,N,Y,1,0,0,0,0,1,0.1,0,0,0,0,0.09090909091,"1,3",Y,N,Y,http://big.hanyang.ac.kr/GETUTR/,N,https://github.com/hyubiglab/GETUTR,,,https://hub.docker.com/r/apaeval/getutr,,,,,Y,Creative Commons 1.0,45,4.5,
Prodigal,doi.org/10.1186/1471-2105-11-119,Gene annotations,2010,Y,Y,Y,N,Y,N,N,Y,Y,N,Y,3,2,2,0,0,4,0.2,0.125,0.125,0,0,0.25,"1,2",Y,Y,N,http://compbio.ornl.gov/prodigal/,Y,https://github.com/hyattpd/Prodigal,https://anaconda.org/bioconda/prodigal,,https://biocontainers.pro/tools/prodigal,https://pypi.org/project/prodigal/1.0.2/#files,,https://formulae.brew.sh/formula/prodigal,https://web.archive.org/web/20190413070950/http://compbio.ornl.gov/prodigal/downloads.php,Y,GPL 3+,10730,715.3333333,
CIForm,https://doi.org/10.1093/bib/bbad195,Gene annotations,2023,N,N,Y,N,N,N,N,N,N,N,N,0,0,0,0,0,1,0,0,0,0,0,0.3333333333,"1,3",Y,N,Y,https://github.com/zhanglab-wbgcas/CIForm,N,https://github.com/zhanglab-wbgcas/CIForm,N,,N,N,N,N,N,Y,N,34,17,
ANNOgesic,https://doi.org/10.1093/gigascience/giy096,Gene annotations,2018,N,N,Y,N,N,N,N,Y,N,N,Y,0,0,1,0,0,1,0,0,0.125,0,0,0.125,"1,2,3",Y,Y,Y,https://pypi.org/project/ANNOgesic/,N,https://github.com/Sung-Huan/ANNOgesic/tree/master/tests,N,,https://hub.docker.com/r/silasysh/annogesic/,https://pypi.org/project/ANNOgesic/,N,N,N,N,ISCL (Open source),80,11.42857143,
BRAKER,https://doi.org/10.1093/bioinformatics/btv661,Gene annotations,2016,N,N,Y,N,Y,N,N,N,N,Y,Y,1,0,0,0,0,1,0.1111111111,0,0,0,0,0.1,"1,2,3",Y,Y,Y,https://github.com/Gaius-Augustus/BRAKER,N,https://github.com/Gaius-Augustus/BRAKER,,,https://hub.docker.com/r/teambraker/braker3,N,N,https://github.com/Gaius-Augustus/BRAKER,N,Y,Artistic License,1093,121.4444444,Yes
ncPRO-seq,https://doi.org/10.1093/bioinformatics/bts587,Gene annotations,2012,N,N,Y,N,N,N,N,N,N,Y,Y,1,0,0,0,0,2,0.07692307692,0,0,0,0,0.1428571429,0,N,N,N,https://ncpro.curie.fr/,Y,https://github.com/jbrayet/ncpro-seq,N,,https://hub.docker.com/r/jbrayet/ncproseq,N,N,https://ncpro.curie.fr/,N,N,N,110,8.461538462,
Tiling Assembly,https://doi.org/10.1093/dnares/dsv015,Gene annotations,2015,N,N,Y,N,N,N,N,N,N,N,N,1,0,0,0,0,0,0.1,0,0,0,0,0,1,Y,N,N,http://shenlab.sols.unlv.edu/shenlab/,N,N,N,N,N,N,N,,N,Y,GPL 2.0,4,0.4,
TSSAR,https://doi.org/10.1186/1471-2105-15-89,Gene annotations,2014,Y,N,Y,Y,Y,N,N,N,N,N,N,1,1,0,0,0,0,0.09090909091,0.08333333333,0,0,0,0,1,Y,N,N,http://rna.tbi.univie.ac.at/TSSAR,N,N,https://anaconda.org/bioconda/tssar,N,N,N,N,,http://rna.tbi.univie.ac.at/TSSAR,N,GPL 2,66,6,
CIRI,https://doi.org/10.1186/s13059-014-0571-3,Gene annotations,2015,N,N,Y,N,Y,N,N,N,N,Y,N,0,1,0,0,0,2,0,0.09090909091,0,0,0,0.1818181818,"1,2,3",Y,Y,Y,https://sourceforge.net/projects/ciri/,N,https://github.com/bioinfo-biols/CIRI-full,https://anaconda.org/bioconda/ciri-full,,n,n,n,n,n,Y,N,1049,104.9,
TSSpredator,https://doi.org/10.1371/journal.pgen.1003495,Gene annotations,2013,Y,N,Y,N,N,N,N,N,N,N,Y,0,0,0,0,0,1,0,0,0,0,0,0.07692307692,"1,3",Y,N,Y,,Y,https://github.com/Integrative-Transcriptomics/TSSpredator-Web,,,https://hub.docker.com/r/spaethju/tsspredator,,,,,N,GPL-3,335,27.91666667,
SQANTI,http://doi.org/10.1101/gr.222976.117,Gene annotations,2018,N,N,Y,N,N,N,N,N,N,Y,N,1,0,0,0,0,1,0.1428571429,0,0,0,0,0.125,"1,3",Y,N,Y,https://pmc.ncbi.nlm.nih.gov/articles/instance/5848618/bin/supp_gr.222976.117_Supplemental_SQANTI_Source_Code.zip,N,https://github.com/ConesaLab/SQANTI,N,N,N,Y,N,,N,N,MIT License,11,1.571428571,
Bento,doi.org/10.1186/s13059-024-03217-7,Gene annotations,2024,N,N,Y,N,N,N,N,Y,N,N,Y,0,0,15,0,0,0,0,0,7.5,0,0,0,"1,2,3",Y,Y,Y,https://github.com/YeoLab/bento-tools,N,https://github.com/YeoLab/bento-tools,,,https://hub.docker.com/r/brianyee/bento-tools,https://pypi.org/project/bento-tools/,,,,N,BSD 2-Clause License,35,35,
csSAM,doi.org/10.1038/nmeth.1439,Gene annotations,2010,N,N,Y,N,N,N,Y,N,N,N,N,0,0,0,2,0,1,0,0,0,0.125,0,0.0625,"1,2,3",Y,Y,Y,http://buttelab.stanford.edu/doku.php?id=public:data,Y,https://github.com/shenorrLabTRDF/csSAM,,,,,https://cran.r-project.org/web/packages/csSAM/index.html,,http://buttelab.stanford.edu/doku.php?id=public:data,N,No license,570,38,
peaks2utr,https://doi.org/10.1093/bioinformatics/btad112,Gene annotations,2023,N,N,Y,N,Y,N,N,Y,N,N,N,0,1,0,0,0,22,0,0.3333333333,0,0,0,7.333333333,"1,2,3",Y,Y,Y,https://github.com/haessar/peaks2utr,N,https://github.com/haessar/peaks2utr,https://anaconda.org/bioconda/peaks2utr,N,N,https://pypi.org/project/peaks2utr,N,,N,N,GPL 3.0,7,3.5,
F3UTER,doi.org/10.1038/s41467-022-30017-z,Gene annotations,2022,Y,N,Y,Y,N,N,N,N,N,Y,N,1,0,0,0,0,1,0.3333333333,0,0,0,0,0.25,"1,3",Y,N,Y,https://astx.shinyapps.io/F3UTER/ AND https://github.com/sid-sethi/F3UTER,N,https://github.com/sid-sethi/F3UTER,,,,,,,https://astx.shinyapps.io/F3UTER/,Y,GPL3,5,1.666666667,
Cell Blast,doi.org/10.1038/s41467-020-17281-7,Gene annotations,2020,Y,N,Y,Y,N,N,N,Y,N,N,Y,1,0,9,0,0,9,0.2,0,1.5,0,0,1.5,"1,2,3",Y,Y,Y,https://cblast.gao-lab.org AND https://github.com/gao-lab/Cell_BLAST,N,https://github.com/gao-lab/Cell_BLAST,,,https://hub.docker.com/r/lsteuernagel/cellblast AND https://hub.docker.com/r/caozhijie/cell-blast,https://pypi.org/project/Cell-BLAST,,,https://cblast.gao-lab.org,Y,MIT,121,24.2,
EXUTR,doi.org/10.1186/s12864-017-4241-1,Gene annotations,2017,N,N,Y,N,N,N,N,N,N,Y,N,0,0,0,0,0,1,0,0,0,0,0,0.1111111111,"1,3",Y,N,Y,https://github.com/huangzixia/ExUTR,N,https://github.com/huangzixia/ExUTR,,,,,,,,N,GPL2,35,4.375,
PHANOTATE,doi.org/10.1093/bioinformatics/btz265,Gene annotations,2019,N,N,Y,N,Y,N,N,Y,N,N,Y,0,6,16,0,0,2,0,0.8571428571,2.285714286,0,0,0.2857142857,"1,2,3",Y,Y,Y,https://github.com/deprekate/PHANOTATE,N,https://github.com/deprekate/PHANOTATE,https://anaconda.org/bioconda/PHANOTATE,,https://hub.docker.com/r/nanozoo/phanotate,https://pypi.org/project/PHANOTATE,,,,Y,GPL3,229,38.16666667,
UTRme,doi.org/10.3389/fgene.2018.00671,Gene annotations,2018,Y,N,Y,Y,Y,N,N,Y,N,Y,N,0,3,20,0,0,1,0,0.375,2.5,0,0,0.125,"1,2,3",Y,Y,Y,https://github.com/sradiouy/UTRme,N,https://github.com/sradiouy/UTRme,https://anaconda.org/sradiouy/utrme,,,https://pypi.org/project/UTRme/,,,,Y,MIT,25,3.571428571,Yes
Annocript,https://doi.org/10.1093/bioinformatics/btv106,Gene annotations,2015,N,N,Y,N,N,N,N,N,N,Y,N,0,0,0,0,0,5,0,0,0,0,0,0.4545454545,1,Y,N,N,https://github.com/frankMusacchia/Annocript,N,https://github.com/frankMusacchia/Annocript,N,N,N,N,N,,N,N,GPL 3.0,124,12.4,
PHLAT,https://link.springer.com/article/10.1186/1471-2164-15-325,Immune repertoire profiling,2014,N,N,Y,N,N,N,N,N,N,N,Y,1,0,0,0,0,0,0.09090909091,0,0,0,0,0,0,N,N,N,https://sites.google.com/site/phlatfortype,Y,n,n,,n,n,n,https://sites.google.com/site/phlatfortype,n,Y,n,139,12.63636364,
ASURAT,https://doi.org/10.1093/bioinformatics/btac541,Immune repertoire profiling,2022,N,N,Y,N,Y,Y,N,N,N,N,N,0,4,0,0,6,1,0,1,0,0,1.5,0.25,"1,2,3",Y,Y,Y,https://github.com/keita-iida/ASURATBI,N,https://github.com/keita-iida/ASURATBI,https://anaconda.org/bioconda/bioconductor-ASURAT,,,,https://www.bioconductor.org/packages/release/bioc/html/ASURAT.html,,,Y,GPL3,5,1.666666667,
TCRconv,https://doi.org/10.1093/bioinformatics/btac788,Immune repertoire profiling,2023,N,N,Y,N,N,N,N,N,N,Y,N,0,0,0,0,0,1,0,0,0,0,0,0.3333333333,1,Y,N,N,https://github.com/emmijokinen/tcrconv,N,https://github.com/emmijokinen/tcrconv,,,,,,,,Y,MIT,26,13,
V’DJer,https://doi.org/10.1093/bioinformatics/btw526,Immune repertoire profiling,2016,N,N,Y,N,N,N,N,N,N,Y,N,0,0,0,0,0,7,0,0,0,0,0,0.7,"1,3",Y,N,Y,https://github.com/mozack/vdjer,N,https://github.com/mozack/vdjer,n,,n,n,n,n,n,Y,The University of North Carolina at Chapel Hill,74,8.222222222,
TCRpower,https://doi.org/10.1093/bib/bbab566,Immune repertoire profiling,2022,N,N,Y,N,N,N,N,N,N,N,N,0,0,0,0,0,1,0,0,0,0,0,0.25,"1,3",Y,N,Y,https://github.com/GabrielBalabanResearch/TCRpower and https://zenodo.org/records/5638319,N,https://github.com/GabrielBalabanResearch/TCRpower,,,,,,https://zenodo.org/records/5638319,,N,Creative Commons 4.0,10,3.333333333,
WAT3R,https://doi.org/10.1093/bioinformatics/btac382,Immune repertoire profiling,2022,N,N,Y,N,N,N,N,N,N,N,Y,1,0,0,0,0,0,0.3333333333,0,0,0,0,0,"1,3",Y,N,Y,https://github.com/mainciburu/WAT3R and https://hub.docker.com/r/mainciburu/wat3r and https://app.terra.bio,N,https://github.com/mainciburu/WAT3R,n,,n,n,n,n,n,N,MIT,7,2.333333333,
ImReP,https://www.nature.com/articles/s41467-020-16857-7,Immune repertoire profiling,2020,N,N,Y,N,N,N,N,N,N,N,N,0,0,0,0,0,1,0,0,0,0,0,0.1666666667,"1,3",Y,N,Y,https://github.com/Mangul-Lab-USC/ImReP_publication?tab=readme-ov-file#notebooks-and-figures,N,https://github.com/Mangul-Lab-USC/ImReP_publication?tab=readme-ov-file#notebooks-and-figures,n,,n,n,n,n,n,Y,General Public License version 3.0,66,13.2,
Stitchr,https://doi.org/10.1093/nar/gkac190,Immune repertoire profiling,2022,N,N,Y,N,N,N,N,Y,N,N,N,0,0,6,0,0,2,0,0,1.5,0,0,0.5,"1,2,3",Y,Y,Y,https://github.com/JamieHeather/stitchr,N,https://github.com/JamieHeather/stitchr,,,,https://pypi.org/project/Stitchr,,,,N,MIT,29,9.666666667,Remove tool 
MIMOSA2,https://doi.org/10.1093/bioinformatics/btac003,Immune repertoire profiling,2022,Y,N,Y,Y,N,Y,N,N,N,N,N,1,0,0,0,1,0,0.3333333333,0,0,0,0.25,0,0,N,N,N,https://elbo-spice.cs.tau.ac.il/shiny/MIMOSA2shiny/ and http://www.borensteinlab.com/software_MIMOSA2.html,Y,n,n,,n,n,n,n,https://elbo-spice.cs.tau.ac.il/shiny/MIMOSA2shiny/,N,GNU General Public License v3.0,45,15,
ePlatypus,https://doi.org/10.1093/bioinformatics/btad553,Immune repertoire profiling,2023,N,N,Y,N,N,N,Y,N,N,N,N,0,0,0,6,0,1,0,0,0,2,0,0.3333333333,"1,2",Y,Y,N,https://github.com/alexyermanos/Platypus,N,https://github.com/alexyermanos/Platypus,,,,,https://cran.r-project.org/web/packages/Platypus/index.html,,,N,GPL3,5,2.5,
IMperm,https://doi.org/10.1093/bib/bbad080,Immune repertoire profiling,2023,N,N,Y,N,N,N,N,N,N,Y,N,0,0,0,0,0,1,0,0,0,0,0,0.3333333333,"1,3",Y,N,Y,https://github.com/zhangwei2015/IMperm,N,https://github.com/zhangwei2015/IMperm,n,,n,n,n,n,n,Y,MIT,0,0,
TRUST4,https://pmc.ncbi.nlm.nih.gov/articles/PMC9328942/,Immune repertoire profiling,2022,N,N,Y,N,N,N,N,N,N,Y,N,0,0,0,0,0,27,0,0,0,0,0,6.75,"1,3",Y,N,Y,https://github.com/liulab-dfci/TRUST4,N,https://github.com/liulab-dfci/TRUST4,n,,n,n,n,n,n,N,MIT,224,74.66666667,
IMGT/HighV-Quest,http://doi.org/10.4172/1745-7580.1000056,Immune repertoire profiling,2012,N,N,N,N,N,N,N,N,N,N,N,0,0,0,0,0,0,0,0,0,0,0,0,,N,N,N,,N,,,,,,,,,N,N,263,20.23076923,
pRESTO,doi.org/10.1093/bioinformatics/btu138,Immune repertoire profiling,2014,Y,Y,Y,N,Y,N,N,Y,N,Y,Y,10,12,22,0,0,1,0.9090909091,1,1.833333333,0,0,0.08333333333,"1,2,3",Y,Y,Y,https://clip.med.yale.edu/presto/,N,https://bitbucket.org/kleinstein/presto/src/master/,https://anaconda.org/bioconda/pRESTO,,https://biocontainers.pro/tools/presto,https://pypi.org/project/presto/,,,https://clip.med.yale.edu/presto/,N,CC BY-NC-SA 4.0,478,43.45454545,
MiXCR,https://doi.org/10.1038/nmeth.3364,Immune repertoire profiling,2015,N,N,Y,N,Y,N,N,N,N,Y,Y,1,0,0,0,0,61,0.1,0,0,0,0,5.545454545,"1,2,3",Y,Y,Y,https://github.com/milaboratory/mixcr/,N,https://github.com/milaboratory/mixcr/,https://anaconda.org/milaboratories/mixcr,,https://hub.docker.com/r/mgibio/mixcr,n,n,n,n,N,MiLaboratories Inc.,1657,165.7,
TCRGP,doi.org/10.1371/journal.pcbi.1008814,Immune repertoire profiling,2021,N,N,Y,N,N,N,N,N,N,N,N,0,0,0,0,0,1,0,0,0,0,0,0.2,"1,3",Y,N,Y,https://github.com/janihuuh/tcrgp_manu_hcc?tab=readme-ov-file,N,https://github.com/janihuuh/tcrgp_manu_hcc?tab=readme-ov-file,,,,,,,,Y,MIT License,127,31.75,
MiTCR,doi.org/10.1038/nmeth.2555,Immune repertoire profiling,2013,N,N,Y,N,N,N,N,N,N,Y,N,0,0,0,0,0,1,0,0,0,0,0,0.07692307692,"1,3",Y,N,Y,http://mitcr.milaboratory.com/,Y,https://github.com/milaboratory/mitcr,,,,,,,,N,GNU GPL v3,209,17.41666667,
TCRDist,doi.org/10.1038/nature22383,Immune repertoire profiling,2017,N,N,Y,N,N,N,N,N,N,Y,Y,0,0,0,0,0,1,0,0,0,0,0,0.1111111111,"1,3",Y,N,Y,https://github.com/phbradley/tcr-dist,N,https://github.com/phbradley/tcr-dist,,,https://hub.docker.com/r/kwellswrasman/tcrdist,,,,,N,MIT License,886,110.75,
HMMPolish,https://doi.org/10.1093/bib/bbad264,Immune repertoire profiling,2023,N,N,Y,N,N,N,N,N,N,N,N,0,0,0,0,0,1,0,0,0,0,0,0.3333333333,1,Y,N,N,https://github.com/rainyrubyzhou/HMMPolish,N,https://github.com/rainyrubyzhou/HMMPolish,n,,n,n,n,n,n,Y,N,1,0.5,
GESS,https://doi.org/10.1093/nar/gkt1338,RNA splicing,2014,N,N,Y,N,N,N,N,N,N,N,N,1,0,0,0,0,0,0.09090909091,0,0,0,0,0,-,N,N,N,http://motif.bmi.ohio-state.edu/GESS_Web/,Y,,,,,,,,http://jinlab.net/GESS_Web/,Y,Artistic 2.0,36,3.272727273,
FDM,doi.org/10.1093/bioinformatics/btr458,RNA splicing,2011,N,N,N,N,N,N,N,N,N,N,N,0,0,0,0,0,0,0,0,0,0,0,0,,N,N,N,http://csbio-linux001.cs.unc.edu/nextgen/software/FDM,Y,,,,,,,,http://csbio-linux001.cs.unc.edu/nextgen/software/FDM,Y,re,82,5.857142857,
FlipFlop,https://doi.org/10.1093/bioinformatics/btu317,RNA splicing,2014,N,N,Y,N,Y,Y,N,N,N,N,Y,0,3,0,0,13,1,0,0.25,0,0,1.083333333,0.08333333333,"1,2",Y,Y,N,http://cbio.ensmp.fr/flipflop,Y,https://github.com/bioconductor-source/flipflop,https://anaconda.org/bioconda/bioconductor-flipflop,,https://hub.docker.com/r/caspargross/flipflop,,https://bioconductor.org/packages//2.13/bioc/html/flipflop.html,,http://cbio.ensmp.fr/flipflop,Y,GPL3,115,10.45454545,
JuncBASE,https://doi.org/10.1101/gr.108662.110,RNA splicing,2011,N,N,Y,N,N,N,N,N,N,N,Y,2,0,0,0,0,2,0.1428571429,0,0,0,0,0.1333333333,"1,3",Y,N,Y,https://compbio.berkeley.edu/proj/juncbase/Home.html,N,https://github.com/anbrooks/juncBASE,,,https://hub.docker.com/r/mgmarin/juncbase,,,,https://compbio.berkeley.edu/proj/juncbase/Home.html,N,"Copyright (c) 2011, Angela Brooks anbrooks@gmail.com All rights reserved. Redistribution and use in source and binary forms, with or without modification, are permitted provided that the following conditions are met: Redistributions of source code must retain the above copyright notice, this list of conditions and the following disclaimer. Redistributions in binary form must reproduce the above copyright notice, this list of conditions and the following disclaimer in the documentation and/or other materials provided with the distribution. Neither the name of University of California, Berekely, Broad Institute, Dana-Farber Cancer Institute, nor the names of its contributors may be used to endorse or promote products derived from this software without specific prior written permission. THIS SOFTWARE IS PROVIDED BY THE COPYRIGHT HOLDERS AND CONTRIBUTORS ""AS IS"" AND ANY EXPRESS OR IMPLIED WARRANTIES, INCLUDING, BUT NOT LIMITED TO, THE IMPLIED WARRANTIES OF MERCHANTABILITY AND FITNESS FOR A PARTICULAR PURPOSE ARE DISCLAIMED. IN NO EVENT SHALL THE COPYRIGHT HOLDER OR CONTRIBUTORS BE LIABLE FOR ANY DIRECT, INDIRECT, INCIDENTAL, SPECIAL, EXEMPLARY, OR CONSEQUENTIAL DAMAGES (INCLUDING, BUT NOT LIMITED TO, PROCUREMENT OF SUBSTITUTE GOODS OR SERVICES; LOSS OF USE, DATA, OR PROFITS; OR BUSINESS INTERRUPTION) HOWEVER CAUSED AND ON ANY THEORY OF LIABILITY, WHETHER IN CONTRACT, STRICT LIABILITY, OR TORT (INCLUDING NEGLIGENCE OR OTHERWISE) ARISING IN ANY WAY OUT OF THE USE OF THIS SOFTWARE, EVEN IF ADVISED OF THE POSSIBILITY OF SUCH DAMAGE.",298,21.28571429,
scReadSim,https://doi.org/10.1038/s41467-023-43162-w,RNA splicing,2023,N,N,Y,N,N,N,N,Y,N,N,Y,0,0,5,0,0,1,0,0,1.666666667,0,0,0.3333333333,"1,2,3",Y,Y,Y,https://github.com/JSB-UCLA/scReadSim,N,https://github.com/JSB-UCLA/scReadSim,,,https://hub.docker.com/r/cannabioinfo/screadsim,https://pypi.org/project/scReadSim/,,,,Y,MIT license,3,1.5,
DEXSeq,https://doi.org/10.1101/gr.133744.111,RNA splicing,2012,Y,Y,Y,Y,Y,Y,N,N,N,Y,Y,0,18,0,0,27,0,0,1.285714286,0,0,1.928571429,0,"1,2,3",Y,Y,Y,https://www-huber.embl.de/pub/DEXSeq/,Y,,https://anaconda.org/bioconda/bioconductor-dexseq,,https://hub.docker.com/r/machalen/dexseq,,https://bioconductor.org/packages/release/bioc/html/DEXSeq.html,,https://www-huber.embl.de/pub/DEXSeq/,Y,GPL3,1817,139.7692308,
DiffSplice,https://doi.org/10.1093/nar/gks1026,RNA splicing,2013,N,N,Y,N,N,N,N,N,N,N,N,0,0,0,0,0,0,0,0,0,0,0,0,-,N,N,N,www.netlab.uky.edu/p/bioinfo/DiffSplice,Y,not repo of the tool but might be related. But I won't count these as github releases of the tool https://github.com/juliaolivieri/DiffSplice/,,,,,,,https://netlab.uky.edu/p/bioinfo/DiffSplice (link doesn't work),Y,GPL3,186,15.5,
JACUSA,https://doi.org/10.1186/s12859-016-1432-8,RNA splicing,2017,N,N,Y,N,N,N,N,N,N,Y,N,0,0,0,0,0,8,0,0,0,0,0,0.8888888889,1,Y,N,N,https://github.com/dieterich-lab/JACUSA,N,https://github.com/dieterich-lab/JACUSA,,,,,,,,Y,GPL-3.0,100,12.5,
SpliceSeq,https://doi.org/10.1093/bioinformatics/bts452,RNA splicing,2012,N,N,N,N,N,N,N,N,N,N,N,6,0,0,0,0,0,0.4615384615,0,0,0,0,0,"1, 3",Y,N,Y,http://bioinformatics.mdanderson.org/main/SpliceSeq:Overview,N,,,,,,,,https://bioinformatics.mdanderson.org/public-software/spliceseq/,N,Freely available for academic and commercial use,229,17.61538462,
ASpli,https://doi.org/10.1093/bioinformatics/btab141,RNA splicing,2021,N,N,Y,N,N,Y,N,N,N,N,Y,0,0,0,0,17,1,0,0,0,0,3.4,0.2,"1,2,3",Y,Y,Y,https://github.com/chernolab/ASpli_SM and https://www.bioconductor.org/packages/ASpli,N,https://github.com/chernolab/ASpli_SM,,,https://biocontainers.pro/tools/bioconductor-aspli,,https://bioconductor.org/packages/release/bioc/html/ASpli.html,,,Y,GPL,66,16.5,Yes
REDItools,https://doi.org/10.1093/bioinformatics/btt287,RNA splicing,2013,N,N,Y,N,Y,N,N,Y,N,Y,Y,0,1,1,0,0,6,0,1,1,0,0,0.4615384615,"1,3",Y,N,Y,https://github.com/BioinfoUNIBA/REDItools,N,https://github.com/BioinfoUNIBA/REDItools,https://anaconda.org/dnachun/reditools3,,https://hub.docker.com/r/illumination27/reditools,https://pypi.org/project/REDItools3/,,,,N,CC BY NC 4.0,322,26.83333333,Yes
spliceR,https://doi.org/10.7287/peerj.preprints.80,RNA splicing,2014,Y,N,Y,N,Y,Y,N,N,N,N,N,0,3,0,0,9,0,0,0.25,0,0,0.75,0,"1,2,3 (I counted the webserver as tutorial since there were options to choose from in the dropdown lists)",Y,Y,Y,https://www.bioconductor.org/packages/2.13/bioc/html/spliceR.html,N,https://github.com/MoriarityLab/SpliceR,https://anaconda.org/bioconda/bioconductor-splicer,,,,https://www.bioconductor.org/packages/2.13/bioc/html/spliceR.html,,https://moriaritylab.shinyapps.io/splicer/,Y,"GPL, GPL2",148,13.45454545,
SPRINT,https://doi.org/10.1093/bioinformatics/btx473,RNA splicing,2017,N,N,Y,N,N,N,N,Y,N,N,N,0,0,15,0,0,2,0,0,1.666666667,0,0,0.2222222222,"1,2",Y,Y,N,http://sprint.tianlab.cn/,N,https://github.com/jumphone/SPRINT,,,,https://pypi.org/project/sprint/,,,,Y,MIT,96,12,
RES-Scanner,https://doi.org/10.1186/s13742-016-0143-4,RNA splicing,2016,N,N,Y,N,N,N,N,N,N,Y,Y,0,0,0,0,0,1,0,0,0,0,0,0.1,0,N,N,N,https://github.com/ZhangLabSZ/RES-Scanner,N,https://github.com/ZhangLabSZ/RES-Scanner,,,https://hub.docker.com/r/alice0812ki/resscanner,,,,,Y,GPL V3,63,7,
Portcullis,https://doi.org/10.1093/gigascience/giy131,RNA splicing,2018,N,N,Y,N,Y,N,N,N,N,Y,Y,0,27,0,0,0,0,0,3.375,0,0,0,0,"1,2,3",Y,Y,Y,https://github.com/TGAC/portcullis,N,https://github.com/TGAC/portcullis,https://anaconda.org/bioconda/portcullis/files,,https://hub.docker.com/r/maplesond/portcullis,n,n,n,n,Y,GPL 3,145,20.71428571,
SplicingCompass,https://doi.org/10.1093/bioinformatics/btt101,RNA splicing,2013,N,N,Y,N,N,N,N,N,N,N,N,0,0,0,0,0,1,0,0,0,0,0,0.07692307692,"1,3",Y,N,Y,http://www.ichip.de/software/SplicingCompass.html,Y,https://github.com/KoenigLabNM/SplicingCompass,,,,,,,http://www.ichip.de/software/SplicingCompass.html (link doesn't work),Y,GPL2,72,6,
PennSeq,https://doi.org/10.1093/nar/gkt1304,RNA splicing,2014,N,N,Y,N,N,N,N,N,N,N,N,0,0,0,0,0,1,0,0,0,0,0,0.08333333333,"1,3",Y,N,Y,https://sourceforge.net/projects/pennseq/,N,https://sourceforge.net/projects/pennseq/ OR https://github.com/steffen12/PennSeq,,,,,,,,Y,University of Pennsylvania copyright,42,3.818181818,
ALEXA-seq,https://doi.org/10.1038/nmeth.1503,RNA splicing,2010,N,N,N,N,N,N,N,N,N,N,N,1,0,0,0,0,18,0.06666666667,0,0,0,0,1.125,"1,3",Y,N,Y,http://www.alexaplatform.org/alexa_seq/,N,https://sourceforge.net/projects/alexa-seq/files/,,,,,,,http://www.alexaplatform.org/alexa_seq/downloads.htm,N,GNU V3,395,26.33333333,
ssHMM,https://doi.org/10.1093/nar/gkx756,RNA splicing,2017,Y,N,Y,N,Y,N,N,Y,N,N,Y,0,5,11,0,0,8,0,0.5555555556,1.222222222,0,0,0.8888888889,"1,2,3",Y,Y,Y,https://github.molgen.mpg.de/heller/ssHMM,N,https://github.molgen.mpg.de/heller/ssHMM,https://anaconda.org/bioconda/sshmm,,https://hub.docker.com/r/hellerd/sshmm,https://pypi.org/project/sshmm/#description,n,n,n,Y,GPL,42,5.25,
SplicePie,https://doi.org/10.1093/nar/gkv242,RNA splicing,2015,N,N,Y,N,N,N,N,N,N,N,N,0,0,0,0,0,1,0,0,0,0,0,0.09090909091,"1,2",Y,Y,N,https://github.com/pulyakhina/splicing_analysis_pipeline,N,https://github.com/pulyakhina/splicing_analysis_pipeline,,,,,,,,N,n,25,2.5,
OLego,https://doi.org/10.1093/nar/gkt216,RNA splicing,2013,N,N,Y,N,Y,N,N,N,N,Y,Y,16,6,0,0,0,0,1.333333333,0.4615384615,0,0,0,0,"1,2,3",Y,Y,Y,https://zhanglab.c2b2.columbia.edu/index.php/OLego,N,n,https://anaconda.org/chaolinzhanglab/olego,,https://hub.docker.com/r/lindsayliang/olego,n,n,n,n,Y,N,155,12.91666667,Yes
SigFuge,https://doi.org/10.1093/nar/gku521,RNA splicing,2014,N,N,Y,N,Y,Y,N,N,N,N,N,0,13,0,0,23,1,0,1.083333333,0,0,1.916666667,0.08333333333,"1,2,3",Y,Y,Y,https://www.bioconductor.org/packages/devel/bioc/html/SigFuge.html,N,https://github.com/pkimes/SigFuge,https://anaconda.org/bioconda/bioconductor-sigfuge,,,,https://bioconductor.org/packages/release/bioc/html/SigFuge.html,,,Y,GPL3,29,2.636363636,
IUTA,https://doi.org/10.1186/1471-2164-15-862,RNA splicing,2014,N,N,Y,N,N,N,N,N,N,N,N,1,0,0,0,0,0,0.09090909091,0,0,0,0,0,0,N,N,N,https://www.niehs.nih.gov/research/resources/software/biostatistics/iuta,N,n,n,,n,n,n,n,n,Y,Creative Commons Attribution 4.0 International License,24,2.181818182,
SNPlice,https://doi.org/10.1093/bioinformatics/btu804,RNA splicing,2015,N,N,Y,N,N,N,N,N,N,N,N,1,0,0,0,0,0,0.1,0,0,0,0,0,0,N,N,N,https://code.google.com/p/snplice/,Y,N,N,,N,N,N,N,N,N,N,18,1.8,
Splicegrapher,https://genomebiology.biomedcentral.com/articles/10.1186/gb-2012-13-1-r4,RNA splicing,2012,N,N,Y,N,N,N,N,N,N,N,N,0,0,0,0,0,13,0,0,0,0,0,0.9285714286,"1,3",Y,N,Y,https://splicegrapher.sourceforge.net/quickstart.html,N,https://splicegrapher.sourceforge.net/quickstart.html,n,,n,n,n,n,n,Y,n,102,7.846153846,
Rail-RNA,https://doi.org/10.1093/bioinformatics/btw575,RNA splicing,2017,N,N,Y,N,N,N,N,N,N,N,Y,1,0,0,0,0,34,0.125,0,0,0,0,3.777777778,"1,3",Y,N,Y,http://rail.bio/,N,https://github.com/nellore/rail,n,,https://hub.docker.com/r/congelos/rail-rna,n,n,n,n,Y,MIT,58,7.25,
DRIMSeq,https://pmc.ncbi.nlm.nih.gov/articles/PMC5200948/,RNA splicing,2016,N,N,Y,N,Y,Y,N,N,N,N,Y,0,18,0,0,19,1,0,1.8,0,0,1.9,0.1,"1,2,3",Y,Y,Y,https://anaconda.org/bioconda/bioconductor-drimseq,N,https://github.com/gosianow/DRIMSeq_before_BioC3.6,https://anaconda.org/bioconda/bioconductor-drimseq,,https://hub.docker.com/r/rtibiocloud/drimseq,n,https://anaconda.org/bioconda/bioconductor-drimseq,n,n,Y,GPL (>= 3),192,21.33333333,
MAJIQ-SPEL,https://doi.org/10.1093/bioinformatics/btx565,RNA splicing,2018,Y,N,Y,N,N,N,N,N,N,N,N,0,0,0,0,0,1,0,0,0,0,0,0.125,"1,2,3",Y,Y,Y,https://galaxy.biociphers.org/galaxy,N,https://bitbucket.org/biociphers/majiq_spel/src/master/,N,,N,N,N,https://galaxy.biociphers.org/galaxy/,N,N,N,23,3.285714286,
SUPPA,https://pmc.ncbi.nlm.nih.gov/articles/PMC4536314/,RNA splicing,2015,N,N,Y,N,Y,N,N,N,N,N,Y,0,9,0,0,0,5,0,0.8181818182,0,0,0,0.4545454545,"1,2",Y,Y,N,https://bitbucket.org/regulatorygenomicsupf/suppa/src/master/,N,https://bitbucket.org/regulatorygenomicsupf/suppa/src/master/ and https://github.com/comprna/SUPPA,https://anaconda.org/bioconda/suppa,,https://hub.docker.com/r/nunoagostinho/suppa,n,n,n,n,N,mit license,248,24.8,
rMATS-turbo,https://www.nature.com/articles/s41596-023-00944-2,RNA splicing,2024,N,N,Y,N,N,N,N,N,N,N,Y,0,0,0,0,0,5,0,0,0,0,0,2.5,"1,2,3",Y,Y,Y,https://github.com/Xinglab/rmats-turbo,N,https://github.com/Xinglab/rmats-turbo,n,,n,n,n,n,n,N,2-Clause BSD License,60,60,
SplAdder,https://doi.org/10.1093/bioinformatics/btw076,RNA splicing,2016,N,N,Y,N,N,N,N,Y,N,N,N,0,0,22,0,0,25,0,0,2.2,0,0,2.5,"1,2,3",Y,Y,Y,https://github.com/ratschlab/spladder,N,https://github.com/ratschlab/spladder,N,,N,https://pypi.org/project/spladder/#history,N,N,N,Y,BSD license,186,20.66666667,
LeafCutter,https://doi.org/10.1038/s41588-017-0004-9,RNA splicing,2018,N,N,Y,N,Y,N,N,Y,N,N,N,0,1,1,0,0,1,0,0.125,0.125,0,0,0.125,"1,2,3",Y,Y,Y,https://github.com/davidaknowles/leafcutter,N,https://github.com/davidaknowles/leafcutter,https://anaconda.org/davidaknowles/r-leafcutter,,N,https://pypi.org/project/leafcutter/,N,N,N,Y,Apache-2.0 license,703,100.4285714,
SplitSeek,https://genomebiology.biomedcentral.com/articles/10.1186/gb-2010-11-3-r34,RNA splicing,2010,N,N,Y,N,N,N,N,N,N,N,N,1,0,0,0,0,0,0.06666666667,0,0,0,0,0,0,N,N,N,http://solidsoftwaretools.com/gf/project/splitsee,Y,n,n,,n,n,n,n,n,Y,n,116,7.733333333,
FineSplice,https://doi.org/10.1093/nar/gku166,RNA splicing,2014,N,N,Y,N,N,N,N,N,N,N,N,0,0,0,0,0,4,0,0,0,0,0,0.3333333333,"1,3",Y,N,Y,https://sourceforge.net/projects/finesplice/,N,https://sourceforge.net/projects/finesplice/,,,,,,,,Y,GPL,32,2.909090909,
TAPAS,https://doi.org/10.1093/bioinformatics/bty110,RNA splicing,2018,N,N,Y,N,N,N,N,N,N,N,Y,0,0,0,0,0,1,0,0,0,0,0,0.125,"1,3",Y,N,Y,https://github.com/arefeen/TAPAS,N,https://github.com/arefeen/TAPAS,n,,n,n,n,n,n,N,n,72,10.28571429,
FDM,https://academic.oup.com/bioinformatics/article/27/19/2633/231261?login=false,RNA splicing,2011,N,N,Y,N,N,N,N,N,N,N,N,1,0,0,0,0,0,0.07142857143,0,0,0,0,0,0,N,N,N,http://csbio-linux001.cs.unc.edu/nextgen/software/FDM,Y,n,n,,n,n,n,n,n,Y,n,49,3.5,
MAJIQ,https://doi.org/10.7554/elife.11752,RNA splicing,2016,N,N,Y,N,Y,N,N,Y,N,N,Y,1,1,1,0,0,0,0.1111111111,0.1,0.1,0,0,0,"1,2",Y,Y,N,https://majiq.biociphers.org/,N,N,https://anaconda.org/manueltorres/majiq,,https://hub.docker.com/r/bmennis/majiq,https://pypi.org/project/rna-majiq/,N,N,N,Y,N,504,56,
RUM,https://doi.org/10.1093/bioinformatics/btr427,Read alignment,2011,N,N,Y,N,N,N,N,N,N,N,N,0,0,0,0,0,46,0,0,0,0,0,3.066666667,"1,3",Y,N,Y,http://cbil.upenn.edu/RUM,Y,https://github.com/itmat/rum?tab=readme-ov-file,,,,,,,,Y,"BLAT license(""since RUM uses BLAT, users from industry must first obtain a licence for BLAT from the Kent Informatics Website.), free for academic/non-profit use
  
  
  
 

  Conflictingly, the github repo also lists ""MIT License"" as its license",407,29.07142857,
CRAC,https://doi.org/10.1186/gb-2013-14-3-r30,Read alignment,2013,N,N,Y,N,N,N,N,N,Y,Y,Y,11,0,0,0,0,0,0.9166666667,0,0,0,0,0,"1, no package manager but docker (for 2)",Y,Y,N,http://crac.gforge.inria.fr/,Y,https://manpages.ubuntu.com/manpages/bionic/man1/crac.1.html,,,https://hub.docker.com/r/biocontainers/crac,,,https://manpages.ubuntu.com/manpages/bionic/man1/crac.1.html,https://mikael-salson.univ-lille.fr/crac/index.html,Y,GPL3,89,7.416666667,
STAR,https://doi.org/10.1093/bioinformatics/bts635,Read alignment,2013,Y,Y,Y,Y,Y,N,N,N,N,Y,Y,0,36,0,0,0,56,0,2.769230769,0,0,0,4.307692308,"1,2, 3 (maybe not for all but there are pre generated STAR genomes)",Y,Y,Y,https://code.google.com/archive/p/rna-star/,N,https://code.google.com/archive/p/rna-star/ OR https://github.com/alexdobin/STAR,https://anaconda.org/bioconda/star,,https://hub.docker.com/r/mgibio/star OR https://hub.docker.com/r/biocontainers/rna-star,,,,,Y,MIT,44732,3727.666667,
Subread,https://doi.org/10.1093/nar/gkt214,Read alignment,2013,N,N,Y,N,Y,N,N,N,N,Y,Y,68,16,0,0,0,0,5.666666667,1.230769231,0,0,0,0,"1,2,",Y,Y,N,https://subread.sourceforge.net/,N,"CAUTION https://github.com/ShiLab-Bioinformatics/subread STARTS AT 2020 AND HAS LINKS TO RSUBREAD
  
  
  
 

  https://subread.sourceforge.net/",https://anaconda.org/bioconda/Subread,,https://hub.docker.com/r/biocontainers/subread,,,,,Y,GPLv3,2946,245.5,
TopHat,https://doi.org/10.1093/bioinformatics/btp120,Read alignment,2009,Y,Y,Y,N,Y,N,N,N,Y,Y,Y,28,22,0,0,0,0,1.75,1.294117647,0,0,0,0,1,Y,N,N,"https://tophat.cbcb.umd.edu/
  which redirects to
  https://ccb.jhu.edu/software/tophat/index.shtml",N,https://github.com/infphilo/tophat,https://anaconda.org/bioconda/tophat,,"https://hub.docker.com/r/stevelee/tophat
  9 years ago(2016), tophat2 was already out, could be that",,,,https://ccb.jhu.edu/software/tophat/downloads/,N,The Artistic License(in tophat 1.0.10; Tophat2 uses Boost license),13525,845.3125,
OSA,https://doi.org/10.1093/bioinformatics/bts294,Read alignment,2012,Y,N,N,N,N,N,N,Y,N,N,N,1,0,6,0,0,0,0.07692307692,0,0.4285714286,0,0,0,"1,2,",Y,Y,N,"https://qiagen.my.salesforce-sites.com/KnowledgeBase/KnowledgeNavigatorPage?id=kA4Sc0000000QLtKAM&categoryName=OmicSoft_Suite,OmicSoft_Lands",N,n,n,,n,https://pypi.org/project/osa/,n,n,n,Y,"""It is free to academic users.""",141,10.84615385,
PASSion,https://doi.org/10.1093/bioinformatics/btr712,Read alignment,2012,N,N,Y,N,N,N,N,N,N,Y,N,0,0,0,0,0,1,0,0,0,0,0,0.07142857143,"1, 3",Y,N,Y,https://trac.nbic.nl/passion,Y,https://github.com/ding-lab/PASSion,,,,,,,https://web.archive.org/web/20220629053016/https://trac.nbic.nl/passion/wiki/Download,Y,N,39,3,
JAGuaR,https://doi.org/10.1371/journal.pone.0102398,Read alignment,2014,N,N,Y,N,N,N,N,N,N,N,N,2,0,0,0,0,0,0.1818181818,0,0,0,0,0,"1,3",Y,N,Y,not provided in the paper,N,,,,,,,,https://www.bcgsc.ca/resources/software/jaguar,Y,BC Cancer Agency (academic use),66,6,
SOAPSplice,https://doi.org/10.3389/fgene.2011.00046,Read alignment,2011,N,N,Y,N,Y,N,N,N,N,Y,N,10,1,0,0,0,0,0.7142857143,0.06666666667,0,0,0,0,"1,2,3",Y,Y,Y,http://soap.genomics.org.cn/soapsplice.html,Y,,https://anaconda.org/bioconda/soapsplice/files,,,,,,https://web.archive.org/web/20190127064206/http://soap.genomics.org.cn/soapsplice.html,Y,"""SOAPsplice is free for academic use only.""",145,10.35714286,
RapMap,https://doi.org/10.1093/bioinformatics/btw277,Read alignment,2016,N,N,Y,N,Y,N,N,N,Y,Y,N,0,0,0,0,0,8,0,0,0,0,0,0.8,"1,2,3",Y,Y,Y,https://github.com/COMBINE-lab/RapMap .,N,https://github.com/COMBINE-lab/RapMap .,https://anaconda.org/bioconda/rapmap,N,N,N,N,http://manpages.ubuntu.com/manpages/bionic/man1/rapmap.1.html,N,Y,GPL 3.0,142,15.77777778,
deepBlockAlign,https://doi.org/10.1093/bioinformatics/btr598,Read alignment,2011,N,N,Y,N,N,N,N,N,N,N,N,1,0,0,0,0,0,0.07142857143,0,0,0,0,0,0,N,N,N,http://rth.dk/resources/dba/,N,http://rth.dk/resources/dba/,N,N,N,N,N,,N,N,Creative Commons Attribution Non-Commercial License,28,2,
SpliceMap,https://doi.org/10.1093/nar/gkq211,Read alignment,2010,N,N,Y,N,Y,N,N,N,N,Y,Y,2,1,0,0,0,0,0.1333333333,0.0625,0,0,0,0,"1,2,3",Y,Y,Y,http://biogibbs.stanford.edu/%E2%88%BCkinfai/SpliceMap/,Y,,https://anaconda.org/bioconda/SpliceMap,,https://hub.docker.com/r/vacation/splicemap,,,,https://web.stanford.edu/group/wonglab/SpliceMap/download.html,Y,"Permission is hereby granted, free of charge, to any person obtaining a copy of this software and associated documentation files (the ""Software""), to deal in the Software without restriction, including without limitation the rights to use, copy, modify, merge, publish, distribute, sublicense, and/or sell copies of the Software, and to permit persons to whom the Software is furnished to do so, subject to the following conditions: The following citation shall be included in all copies or substantial portions of the Software.",457,30.46666667,
BP4RNAseq,https://doi.org/10.1093/bioinformatics/btaa832,Read alignment,2020,N,N,Y,N,N,Y,Y,N,N,Y,N,0,0,0,0,47,0,0,0,0,0,7.833333333,0,0,N,N,N,https://github.com/sunshanwen/BP4RNAseq.,Y,https://github.com/sunshanwen/BP4RNAseq.,N,N,N,N,https://www.bioconductor.org/packages/devel/workflows/html/BP4RNAseq.html,,N,N,N,72,14.4,
ScanExitronLR,https://doi.org/10.1093/bioinformatics/btac626,Read alignment,2022,N,N,Y,N,N,N,N,Y,N,N,N,0,0,0,0,0,1,0,0,0,0,0,0.25,"1,2,3",Y,Y,Y,https://github.com/ylab-hi/ScanExitronLR,N,https://github.com/ylab-hi/ScanExitronLR,N,N,N,Y,N,,N,N,MIT License,4,1.333333333,
MapSplice,https://doi.org/10.1093/nar/gkq622,Read alignment,2010,N,N,Y,N,Y,N,N,N,N,Y,Y,20,2,0,0,0,1,1.333333333,0.125,0,0,0,0.0625,,N,N,N,http://www.netlab.uky.edu/p/bioinfo/MapSplice,Y,,https://anaconda.org/bioconda/MapSplice,,https://hub.docker.com/r/srgk26/mapsplice3,,,,https://web.archive.org/web/20161212074939/https://netlab.uky.edu/p/bioinfo/MapSplice2,Y,"University of Kentucky, Lexington, KY, USA",1295,86.33333333,
PSI-Sigma,https://doi.org/10.1093/bioinformatics/btz438,Read alignment,2019,N,N,Y,N,N,N,N,N,N,Y,Y,0,0,0,0,0,45,0,0,0,0,0,6.428571429,"1,3",Y,N,Y,https://github.com/wososa/PSI-Sigma,N,https://github.com/wososa/PSI-Sigma,N,N,Y,N,N,,N,Y,No official license,50,8.333333333,
tiny-count,https://doi.org/10.1093/bioadv/vbad065,Read alignment,2023,N,N,Y,N,Y,N,N,N,N,N,N,0,0,0,0,0,7,0,0,0,0,0,2.333333333,"1,2,3",Y,Y,Y,https://github.com/MontgomeryLab/tinyRNA?tab=readme-ov-file,N,https://github.com/MontgomeryLab/tinyRNA?tab=readme-ov-file,https://anaconda.org/bioconda/tiny-count,N,N,N,N,,N,Y,GPL 3.0,7,3.5,
Segemehl,https://doi.org/10.1186/gb-2014-15-2-r34,Read alignment,2014,Y,Y,Y,Y,Y,N,N,N,N,Y,Y,5,3,0,0,0,0,0.4545454545,0.25,0,0,0,0,"1,2",Y,Y,N,http://www.bioinf.uni-leipzig.de/Software/segemehl/,N,,https://anaconda.org/bioconda/segemehl,,https://hub.docker.com/r/biocontainers/segemehl,,,,http://www.bioinf.uni-leipzig.de/Software/segemehl/,Y,GPL3,308,28,
Pharokka,https://doi.org/10.1093/bioinformatics/btac776,Read alignment,2022,N,N,Y,N,Y,N,N,N,N,Y,Y,0,0,0,0,0,0,0,0,0,0,0,26,"1,3",Y,N,Y,https://github.com/gbouras13/pharokka,N,https://github.com/gbouras13/pharokka,https://anaconda.org/bioconda/pharokka,N,N,N,N,,https://usegalaxy.eu/?tool_id=toolshed.g2.bx.psu.edu%2Frepos%2Fiuc%2Fpharokka%2Fpharokka%2F1.3.2%2Bgalaxy0&version=latest,N,MIT License,195,65,Remove 
HISAT,https://doi.org/10.1038/nmeth.3317,Read alignment,2015,Y,Y,Y,N,N,N,N,N,N,Y,Y,7,0,0,0,0,1,0.7,0,0,0,0,0.09090909091,"1,3",Y,N,Y,http://www.ccb.jhu.edu/software/hisat/,N,https://github.com/infphilo/hisat,,,https://hub.docker.com/r/limesbonn/hisat,,,,https://ccb.jhu.edu/software/hisat/index.shtml,Y,GPL3,19324,1932.4,
Supersplat,https://doi.org/10.1093/bioinformatics/btq206,Read alignment,2010,N,N,Y,N,N,N,N,N,N,N,N,1,0,0,0,0,0,0.06666666667,0,0,0,0,0,"1,3
  2: No but simply typing make is enough to build the tool",Y,Y,Y,http://mocklerlab-tools.cgrb.oregonstate.edu/,Y,,,,,,,,https://web.archive.org/web/20110714001000/http://mocklerlab-tools.cgrb.oregonstate.edu/,N,"""Oregon State University All rights reserved.""",62,4.133333333,
MMR,https://doi.org/10.1093/bioinformatics/btv624,Read alignment,2016,N,N,Y,N,N,N,N,N,N,Y,N,0,0,0,0,0,1,0,0,0,0,0,0.1,-,N,N,N,https://github.com/ratschlab/mmr/tree/master,N,https://github.com/ratschlab/mmr/tree/master,,,,,,,,N,GPL3,46,5.111111111,
ContextMap2,https://doi.org/10.1186/s12859-015-0557-5,Read alignment,2015,N,N,Y,N,N,N,N,N,N,Y,N,0,0,0,0,0,1,0,0,0,0,0,0.09090909091,"1,3",Y,N,Y,https://www.bio.ifi.lmu.de/software/contextmap/,N,https://github.com/friedel-lab/ContextMap2,,,,,,,,Y,GPL3,68,6.8,
MapNext,https://bmcgenomics.biomedcentral.com/articles/10.1186/1471-2164-10-S3-S13,Read alignment,2009,N,N,Y,N,N,N,N,N,N,N,N,1,0,0,0,0,0,0.0625,0,0,0,0,0,0,N,N,N,http://evolution.sysu.edu.cn/english/software/mapnext.htm,Y,n,n,,n,n,n,n,n,N,n,8,0.5,
SOAP2,10.1093/bioinformatics/btp336,Read alignment,2009,N,N,Y,N,Y,N,N,N,N,N,Y,1,1,0,0,0,0,0.0625,0.05882352941,0,0,0,0,0,N,N,N,http://soap.genomics.org.cn/,Y -> BECAUSE IT REDIRECTS IT TO A NEWER TOOL,n,https://anaconda.org/rogerramos/soap2py/files,,n,n,n,n,n,Y,N/a,3239,202.4375,
BLAT,10.1101/gr.229202,Read alignment,2002,Y,N,N,N,N,N,N,N,N,N,N,1,0,0,0,0,0,0.04347826087,0,0,0,0,0,1,Y,N,N,https://genome.ucsc.edu/cgi-bin/hgBlat,N,n,n,,n,n,n,n,https://genome.ucsc.edu/cgi-bin/hgBlat,Y,N/a,10668,463.826087,
GraphMap2,10.1101/720458,Read alignment,2019,N,N,Y,N,N,N,N,N,N,Y,N,0,0,0,0,0,3,0,0,0,0,0,0.4285714286,"1,3",Y,N,Y,https://github.com/lbcb-sci/graphmap2,N,https://github.com/lbcb-sci/graphmap2,n,,n,n,n,n,n,N,MIT,18,3,
nFuse,10.1101/gr.136572.111,Read alignment,2012,N,N,Y,N,N,N,N,N,N,N,N,1,0,0,0,0,0,0.07692307692,0,0,0,0,0,1,Y,N,N,https://nfuse.googlecode.com/,Y,n,n,,n,n,n,n,n,N,N/a,104,8,
SHRiMP2,10.1093/bioinformatics/btr046,Read alignment,2011,N,N,Y,N,N,N,N,N,N,Y,N,135,0,0,0,0,0,9.642857143,0,0,0,0,0,1,Y,N,N,http://compbio.cs.toronto.edu/shrimp/,N,n,n,,n,n,n,n,n,Y,N/a,303,21.64285714,
Tophat2,https://link.springer.com/article/10.1186/GB-2013-14-4-R36,Read alignment,2013,N,N,Y,N,Y,N,N,N,N,Y,Y,21,1,0,0,0,3,1.75,0.07692307692,0,0,0,0.2307692308,"1,2,3",Y,Y,Y,https://ccb.jhu.edu/software/tophat/index.shtml,N,https://github.com/infphilo/tophat,https://anaconda.org/bioinfo/tophat2,,https://hub.docker.com/r/genomicpariscentre/tophat2,n,n,n,n,Y,BSL 1.0,13731,1144.25,
COPE,10.1093/bioinformatics/bts563,Read alignment,2012,N,N,Y,N,N,N,N,N,N,Y,N,1,0,0,0,0,0,0.07692307692,0,0,0,0,0,0,N,N,N,ftp://ftp.genomics.org.cn/pub/cope,Y,n,n,,n,n,n,ftp://ftp.genomics.org.cn/pub/cope,n,Y,n,162,12.46153846,
bowtie2,https://doi.org/10.1038/nmeth.1923,Read alignment,2012,Y,N,Y,N,Y,N,N,N,Y,Y,Y,0,393,0,0,0,29,0,28.07142857,0,0,0,2.071428571,"1,2,3 since https://sandbox.bio/tutorials/bowtie2-intro/",Y,Y,Y,https://bowtie-bio.sourceforge.net/bowtie2/index.shtml,N,https://bowtie-bio.sourceforge.net/bowtie2/index.shtml and https://github.com/BenLangmead/bowtie2,https://anaconda.org/bioconda/bowtie2,,https://hub.docker.com/r/staphb/bowtie2,n,n,n,n,Y,GNU General Public License v3.0,53054,4081.076923,
HISAT2,https://www.nature.com/articles/s41587-019-0201-4,Read alignment,2019,Y,N,Y,N,Y,Y,N,N,Y,Y,Y,0,106,0,0,1,4,0,15.14285714,0,0,0.1428571429,0.5714285714,"1,2,3",Y,Y,Y,https://github.com/DaehwanKimLab/hisat2,N,https://github.com/DaehwanKimLab/hisat2,https://anaconda.org/bioconda/hisat2,,https://hub.docker.com/r/kapeel/hisat2,n,https://www.bioconductor.org/packages/release/bioc/html/Rhisat2.html,https://manpages.ubuntu.com/manpages/bionic/man1/,n,Y,GNU General Public License v3.0,10237,1706.166667,
ContextMap,https://link.springer.com/article/10.1186/1471-2105-13-S6-S9,Read alignment,2012,N,N,Y,N,N,N,N,N,N,N,N,1,0,0,0,0,0,0.07692307692,0,0,0,0,0,0,N,N,N,https://www.bio.ifi.lmu.de/ContextMap,Y,n,n,,n,n,n,https://www.bio.ifi.lmu.de/ContextMap,n,Y,n,25,1.923076923,
bowtie,doi.org/10.1186/gb-2009-10-3-r25,Read alignment,2009,Y,Y,Y,Y,Y,N,N,N,N,Y,Y,0,9,0,0,0,8,0,0.5294117647,0,0,0,0.4705882353,"1,2,3",Y,Y,Y,https://bowtie-bio.sourceforge.net/index.shtml,N,https://bowtie-bio.sourceforge.net/index.shtml and https://github.com/BenLangmead/bowtie,https://anaconda.org/bioconda/bowtie,,https://biocontainers.pro/tools/bowtie,,,,,Y,Artistic 2.0,24615,1538.4375,
DART,https://doi.org/10.1093/bioinformatics/btx558,Read alignment,2018,N,N,Y,N,Y,N,N,N,N,Y,N,0,0,0,0,0,1,0,0,0,0,0,0.125,"1,2",Y,Y,N,https://github.com/hsinnan75/DART,N,https://github.com/hsinnan75/DART,https://anaconda.org/bioconda/dart,,,,,,,Y,GPL2,25,3.571428571,
Minimap2,https://doi.org/10.1093/bioinformatics/bty191,Read alignment,2018,Y,Y,Y,N,Y,N,N,N,H,Y,Y,0,28,0,0,0,32,0,3.5,0,0,0,4,"1,2,3",Y,Y,Y,https://github.com/lh3/minimap2,N,https://github.com/lh3/minimap2,https://anaconda.org/bioconda/minimap2,,https://hub.docker.com/r/nanozoo/minimap2,,,https://formulae.brew.sh/formula/minimap2,,Y,MIT,10666,1523.714286,
deSALT,https://doi.org/10.1101/612176,Read alignment,2019,N,N,Y,N,Y,N,N,N,N,Y,Y,0,9,0,0,0,11,0,1.285714286,0,0,0,1.571428571,"1,2",Y,Y,N,https://github.com/hitbc/deSALT,N,https://github.com/ydLiu-HIT/deSALT,https://anaconda.org/bioconda/desalt,,https://biocontainers.pro/tools/desalt,,,,,Y,MIT,51,8.5,
GMAP,https://academic.oup.com/bioinformatics/article/21/9/1859/409207?login=false,Read alignment,2005,N,N,Y,N,N,N,N,N,Y,Y,N,1,0,0,0,0,0,0.05,0,0,0,0,0,0,N,N,N,https://www.gene.com/share/gmap,Y,n,n,,n,n,n,https://manpages.ubuntu.com/manpages/bionic/man1/,n,Y,N,2478,123.9,
HMMSplicer,https://doi.org/10.1371/journal.pone.0013875,Read alignment,2010,N,N,Y,N,N,N,N,N,N,Y,N,1,0,0,0,0,1,0.06666666667,0,0,0,0,0.0625,"1,3",Y,N,Y,http://derisilab.ucsf.edu/software/hmmsplicer,N,https://github.com/jlboat/HMMSplicer,,,,,,,https://derisilab.ucsf.edu/index.php?software=105,Y,GNU GENERAL PUBLIC LICENSE Version 3,86,5.733333333,
FBB,https://doi.org/10.1093/bioinformatics/btw608,Read alignment,2016,N,N,Y,N,N,N,N,N,N,N,N,0,0,0,0,0,0,0,0,0,0,0,0,0,N,N,N,https://bitbucket.org/irenerodriguez/fbb.,Y,N,N,N,N,N,N,,N,Y,N,1,0.1111111111,
SOAP,10.1093/bioinformatics/btn025,Read alignment,2008,N,N,Y,N,N,N,N,N,N,Y,Y,1,0,0,0,0,0,0.05882352941,0,0,0,0,0,0,N,N,N,http://soap.genomics.org.cn/,Y,n,n,,n,n,n,n,n,N,n,3589,211.1176471,
Vast-Tools,10.1016/j.cell.2014.11.035,Read alignment,2014,N,N,Y,N,N,N,N,N,N,N,Y,0,0,0,0,0,26,0,0,0,0,0,2.166666667,"1,3",Y,N,Y,https://github.com/vastgroup/vast-tools,N,https://github.com/vastgroup/vast-tools,n,,n,n,n,n,n,Y,MIT,453,41.18181818,Remove this - repeated tool 
GSNAP,10.1007/978-1-4939-3578-9_15,Read alignment,2016,N,N,Y,N,Y,N,N,N,Y,Y,Y,164,2,0,0,0,0,18.22222222,0.2,0,0,0,0,"1,2,3",Y,Y,Y,http://research-pub.gene.com/gmap/,N,n,https://anaconda.org/compbiocore/gsnap,,https://hub.docker.com/r/ebio/gsnap,n,n,https://manpages.ubuntu.com/manpages/bionic/man1/,n,N,n,458,50.88888889,
QPALMA,https://doi.org/10.1093/bioinformatics/btn300,Read alignment,2008,N,N,Y,N,N,N,N,N,N,N,N,0,0,0,0,0,0,0,0,0,0,0,0,0,N,N,N,http://www.fml.mpg.de/raetsch/projects/qpalma,Y,N,N,N,N,N,N,,N,N,N,200,11.76470588,
DARIO,https://doi.org/10.1093/nar/gkr357,Small RNA detection,2011,Y,Y,Y,N,N,N,N,N,N,Y,N,1,0,0,0,0,1,0.07142857143,0,0,0,0,0.06666666667,"1,3",Y,N,Y,http://dario.bioinf.uni-leipzig.de/,N,https://github.com/mfasold/dario,,,,,,,http://dario.bioinf.uni-leipzig.de/,N,AGPL-3.0,116,8.285714286,
miRNAconsTarget,https://doi.org/10.1093/nar/gkv555,Small RNA detection,2015,N,N,N,N,N,N,N,N,N,N,N,0,0,0,0,0,0,0,0,0,0,0,0,,N,N,N,,N,,,,,,,,,N,N,,,
mirTools 2.0,https://doi.org/10.4161/rna.25193,Small RNA detection,2013,N,N,N,N,N,N,N,N,N,N,N,0,0,0,0,0,0,0,0,0,0,0,0,,N,N,N,,N,,,,,,,,,N,N,102,,
UEA sRNA Workbench,https://doi.org/10.1093/bioinformatics/bts311,Small RNA detection,2012,N,N,Y,N,N,N,N,N,N,Y,N,0,0,0,0,0,2,0,0,0,0,0,0.1428571429,"1,3",Y,N,Y,http://srna-workbench.cmp.uea.ac.uk/,Y,"https://sourceforge.net/projects/srnaworkbench/files/
  https://github.com/sRNAworkbenchuea/UEA_sRNA_Workbench",,,,,,,,N,MIT,339,26.07692308,
miRDeep2,https://doi.org/10.1093/nar/gkr688,Small RNA detection,2012,Y,Y,Y,N,Y,N,N,N,N,Y,Y,0,4,0,0,0,15,0,0.2857142857,0,0,0,1.071428571,"1,2,3",Y,Y,Y,,Y,https://github.com/rajewsky-lab/mirdeep2,https://anaconda.org/bioconda/miRDeep2,,https://biocontainers.pro/tools/mirdeep2,,,,,Y,GPL-3.0,3008,231.3846154,
miRTrace,https://doi.org/10.1186/s13059-018-1588-9,Small RNA detection,2018,N,N,Y,N,Y,N,N,N,N,Y,Y,0,2,0,0,0,2,0,0.25,0,0,0,0.25,"1,2,3",Y,Y,Y,https://github.com/friedlanderlab/mirtrace,N,https://github.com/friedlanderlab/mirtrace,https://anaconda.org/bioconda/miRTrace,,https://hub.docker.com/r/gcfntnu/mirtrace,,,,,Y,GPL2,76,10.85714286,
sRNAtoolbox,https://doi.org/10.1093/nar/gkv555,Small RNA detection,2015,Y,N,Y,Y,N,N,N,N,N,N,Y,0,0,0,0,0,1,0,0,0,0,0,0.09090909091,"1,3",Y,N,Y,https://bioinfo5.ugr.es/srnatoolbox/ AND https://github.com/bioinfoUGR/sRNAtoolbox AND https://arn.ugr.es/srnatoolbox/,N,https://github.com/bioinfoUGR/sRNAtoolbox/,,,https://hub.docker.com/r/ugrbioinfo/srnatoolbox,,,,https://bioinfo5.ugr.es/srnatoolbox/ https://arn.ugr.es/srnatoolbox/,N,MIT,447,44.7,
miRanalyzer,https://doi.org/10.1093/nar/gkr247,Small RNA detection,2011,N,N,N,N,N,N,N,N,N,N,N,0,0,0,0,0,0,0,0,0,0,0,0,,N,N,N,https://bioinfo2.ugr.es/miRanalyzer/miRanalyzer.php,Y,,,,,,,,,N,N,,,
ShortStack,https://doi.org/10.1261/rna.035279.112,Small RNA detection,2013,N,Y,Y,N,Y,N,N,N,N,N,Y,0,10,0,0,0,59,0,0.7692307692,0,0,0,4.538461538,"1,2,3",Y,Y,Y,,N,https://github.com/MikeAxtell/ShortStack,https://anaconda.org/bioconda/shortstack,,https://hub.docker.com/r/cyverse/shortstack,,,,,N,MIT,469,39.08333333,
mir-abela,https://link.springer.com/article/10.1186/1471-2105-6-267,Small RNA detection,2005,Y,N,N,N,N,N,N,N,N,N,N,1,0,0,0,0,0,0.05,0,0,0,0,0,1,Y,N,N,https://tools4mirs.org/software/precursor_prediction/mir-abela/,N,n,n,,n,n,n,n,https://tools4mirs.org/software/precursor_prediction/mir-abela/,N,n,311,15.55,
SeqBuster,https://doi.org/10.1093/nar/gkp1127,Small RNA detection,2010,N,N,Y,N,Y,N,N,N,N,N,Y,0,7,0,0,0,11,0,0.4375,0,0,0,0.6875,2,N,Y,N,http://estivill_lab.crg.es/seqbuster,Y,https://github.com/lpantano/seqbuster,https://anaconda.org/bioconda/SeqBuster,,https://biocontainers.pro/tools/seqbuster,,,,,N,"GNU general public license, Apache License Version 2, MIT",221,14.73333333,
NiBLS,doi.org/10.1186/1471-2105-11-93,Small RNA detection,2010,N,N,Y,N,N,N,N,N,N,N,N,0,0,0,0,0,1,0,0,0,0,0,0.0625,1,Y,N,N,https://github.com/danmaclean/NiBLS,N,https://github.com/danmaclean/NiBLS,,,,,,,,N,GPL3,17,1.133333333,
micropred,https://academic.oup.com/bioinformatics/article/25/8/989/324698,Small RNA detection,2009,N,N,Y,N,N,N,N,N,N,N,N,1,0,0,0,0,0,0.0625,0,0,0,0,0,0,N,N,N,https://www.cs.ox.ac.uk/people/manohararukshan.batuwita/microPred.htm,Y,n,n,,n,n,n,https://www.cs.ox.ac.uk/people/manohararukshan.batuwita/microPred.htm,n,Y,n,231,14.4375,
MIReNA,doi.org/10.1093/bioinformatics/btq329,Small RNA detection,2010,N,N,Y,N,N,N,N,N,N,N,N,1,0,0,0,0,0,0.06666666667,0,0,0,0,0,"1,3",Y,N,Y,https://www.ihes.fr/%CB%9Ccarbone/data8/,Y,,,,,,,,http://www.lcqb.upmc.fr/mirena/index.html,Y,CeCILL License,184,12.26666667,
Seq-Cluster,doi.org/10.1093/bioinformatics/btr527,Small RNA detection,2011,N,N,Y,N,Y,N,N,Y,N,Y,N,0,17,38,0,0,9,0,1.133333333,2.533333333,0,0,0.6,"1,2,3",Y,Y,Y,http://estivill_lab.crg.es/seqbuster,Y,https://github.com/lpantano/seqcluster,https://anaconda.org/bioconda/seqcluster,,,https://pypi.org/project/seqcluster/,,,http://estivill_lab.crg.es/seqbuster.,N,MIT,59,4.214285714,
miRTRAP,doi.org/10.1186/gb-2010-11-4-r39,Small RNA detection,2010,N,N,Y,N,N,N,N,N,N,N,N,0,0,0,0,0,1,0,0,0,0,0,0.0625,,N,N,N,http://flybuzz.berkeley.edu/CionaMicroRNAData.html,Y,https://github.com/JimBell/miRTRAP,,,,,,,,Y,No License,125,8.333333333,
Bambu,doi.org/10.1038/s41592-023-01908-w,Transcriptome quantification,2023,N,N,Y,N,Y,Y,N,N,N,Y,Y,0,14,0,0,1,3,0,4.666666667,0,0,0.3333333333,1,"1,2,3",Y,Y,Y,https://github.com/GoekeLab/bambu/,N,https://github.com/GoekeLab/bambu/,https://anaconda.org/bioconda/bioconductor-Bambu,,https://hub.docker.com/r/cheny1/bambu,,https://www.bioconductor.org/packages/release/bioc/html/bambu.html,,,Y,GPL3,82,41,
IsoQuant,doi.org/10.1038/s41587-022-01565-y,Transcriptome quantification,2023,N,N,Y,N,Y,N,N,N,N,N,Y,0,32,0,0,0,33,0,10.66666667,0,0,0,11,"1,2,3",Y,Y,Y,https://github.com/ablab/IsoQuant,N,https://github.com/ablab/IsoQuant,https://anaconda.org/bioconda/isoquant,,https://hub.docker.com/r/ajslee/isoquant,,,,,Y,GPL,100,50,Yes
Scallop,https://doi.org/10.1038/nbt.4020,Transcriptome assembly,2017,N,N,Y,N,Y,N,N,N,N,N,Y,0,2,0,0,0,16,0,0.2222222222,0,0,0,1.777777778,"1,2,3 (since they added a githubh repo for their test data)",Y,Y,Y,https://github.com/Kingsford-Group/scallop and http://www.github.com/Kingsford-Group/scalloptest,N,https://github.com/Kingsford-Group/scallop,https://anaconda.org/bioconda/scallop,,https://hub.docker.com/layers/seandavi/scallop/latest/images/sha256-5506870257104f42641413bcba2cd1945d1d15fe4d43f6a93b2d71035d5b7a03,,,,,Y,BSD-3-Clause License,214,26.75,
SEECER,https://doi.org/10.1093/nar/gkt215,Transcriptome assembly,2013,N,N,Y,N,N,N,N,N,N,N,N,3,0,0,0,0,1,0.25,0,0,0,0,0.07692307692,"1,3",Y,N,Y,http://sb.cs.cmu.edu/seecer/,N,https://github.com/haisonle/SEECER,,,,,,,http://sb.cs.cmu.edu/seecer/,Y,GPL,112,9.333333333,
Necklace,https://doi.org/10.1093/gigascience/giy045,Transcriptome assembly,2018,N,N,Y,N,N,N,N,N,N,Y,N,0,0,0,0,0,5,0,0,0,0,0,0.625,"1,3",Y,N,Y,https://github.com/Oshlack/necklace/wiki AND https://scicrunch.org/resolver/RRID:SCR_016103,N,https://github.com/Oshlack/necklace,,,,,,,https://scicrunch.org/resolver/RRID:SCR_016103,N,GPL3,18,2.571428571,
FLAIR,https://doi.org/10.1101/410183,Transcriptome assembly,2020,N,N,Y,N,Y,N,N,N,N,N,N,1,1,0,0,0,16,0.2,0.1666666667,0,0,0,2.666666667,"1,2,3",Y,Y,Y,https://github.com/BrooksLabUCSC/FLAIR?tab=License-1-ov-file,N,https://github.com/BrooksLabUCSC/FLAIR?tab=License-1-ov-file,https://anaconda.org/search?q=FLAIR,,N,N,N,N,N,Y,UCSC University license,411,82.2,
CLASS2,https://doi.org/10.1093/nar/gkw158,Transcriptome assembly,2016,N,N,Y,N,N,N,N,N,N,Y,N,0,0,0,0,0,13,0,0,0,0,0,1.3,"1,3",Y,N,Y,https://sourceforge.net/p/splicebox/wiki/CLASS/,N,https://sourceforge.net/p/splicebox/wiki/CLASS/ OR https://github.com/mourisl/CLASS,,,,,,,,Y,GPL,77,8.555555556,Yes
Rnnotator,doi.org/10.1186/1471-2164-11-663,Transcriptome assembly,2010,N,N,N,N,N,N,N,N,N,N,N,0,0,0,0,0,0,0,0,0,0,0,0,,N,N,N,,N,,,,,,,,,N,N,,,
PRICE,https://pmc.ncbi.nlm.nih.gov/articles/PMC3656733/,Transcriptome assembly,2013,N,N,Y,N,N,N,N,N,N,Y,N,27,0,0,0,0,11,2.25,0,0,0,0,0.8461538462,"1,3",Y,N,Y,"http://derisilab.ucsf.edu/software/price/
  http://sourceforge.net/projects/pricedenovo/",N,https://sourceforge.net/projects/pricedenovo/,,,,,,,https://derisilab.ucsf.edu/software/price/,Y,GNU General Public License 3+,331,27.58333333,
Oases,http://doi.org/10.1093/bioinformatics/bts094,Transcriptome assembly,2012,N,N,Y,N,Y,N,N,N,N,Y,Y,0,1,0,0,0,1,0,0.07142857143,0,0,0,0.07142857143,"1,2,3",Y,Y,Y,http://www.ebi.ac.uk/~zerbino/oases/,Y,https://github.com/dzerbino/oases,https://anaconda.org/bioconda/oases,,https://biocontainers.pro/tools/oases,,,,,Y,GPL-3,1737,133.6153846,
TransComb,https://doi.org/10.1186/s13059-016-1074-1,Transcriptome assembly,2016,N,N,Y,N,Y,N,N,N,N,N,N,0,4,0,0,0,4,0,0.4,0,0,0,0.4,2 only,N,Y,N,https://sourceforge.net/projects/transcriptomeassembly/files/TransComb/,N,https://sourceforge.net/projects/transcriptomeassembly/files/TransComb/,https://anaconda.org/bioconda/transcomb,,n,n,n,n,n,Y,GNU General Public License,71,7.888888889,
StringTie2,https://genomebiology.biomedcentral.com/articles/10.1186/s13059-019-1910-1,Transcriptome assembly,2019,N,N,Y,N,N,N,N,N,N,Y,Y,0,0,0,0,0,19,0,0,0,0,0,2.714285714,"1,3",Y,N,Y,https://github.com/gpertea/stringtie,N,https://github.com/gpertea/stringtie,n,,https://hub.docker.com/r/mgibio/stringtie2,n,n,n,n,Y,MIT,1470,245,
GTax,https://doi.org/10.1186/s13059-023-03141-2,Transcriptome assembly,2024,N,N,Y,N,N,N,N,Y,N,Y,N,0,0,9,0,0,11,0,0,4.5,0,0,5.5,"1,2,3",Y,Y,Y,https://github.com/ncbi/gtax,N,https://github.com/ncbi/gtax,,,,https://pypi.org/project/gtax/,,,,N,Public Domain,2,2,
StringTie,https://doi.org/10.1038/nbt.3122,Transcriptome assembly,2015,Y,Y,Y,Y,Y,N,N,N,N,Y,Y,35,29,0,0,0,19,3.5,2.636363636,0,0,0,1.727272727,"1,2,3 (includes a test data set)",Y,Y,Y,https://ccb.jhu.edu/software/stringtie/,N,https://github.com/gpertea/stringtie,https://anaconda.org/bioconda/stringtie,,https://hub.docker.com/r/nanozoo/stringtie,,,,https://ccb.jhu.edu/software/stringtie/,Y,MIT,10427,1042.7,
rnaSPAdes,https://doi.org/10.1093/gigascience/giz100 ,Transcriptome assembly,2019,N,N,Y,N,N,N,N,N,N,Y,Y,0,0,0,0,0,30,0,0,0,0,0,4.285714286,"1,3",Y,N,Y,https://github.com/ablab/spades/,N,https://github.com/ablab/spades/,,,https://hub.docker.com/r/globusgenomics/rnaspades,,,,,Y,GPL v2,,,Yes
DETONATE,doi.org/10.1186/s13059-014-0553-5,Transcriptome assembly,2014,N,N,Y,N,Y,N,N,N,N,Y,Y,7,1,0,0,0,1,0.6363636364,0.08333333333,0,0,0,0.08333333333,"1,2,3",Y,Y,Y,https://deweylab.biostat.wisc.edu/detonate/,N,https://github.com/deweylab/detonate,https://anaconda.org/bioconda/detonate,,https://hub.docker.com/r/nanozoo/detonate,,,,https://deweylab.biostat.wisc.edu/detonate/,Y,GPL,301,27.36363636,
AccuVIR,https://doi.org/10.1093/bioinformatics/btac827,Transcriptome assembly,2023,N,N,Y,N,N,N,N,N,N,N,N,0,0,0,0,0,1,0,0,0,0,0,0.3333333333,"1,3",Y,N,Y,https://github.com/rainyrubyzhou/AccuVIR,N,https://github.com/rainyrubyzhou/AccuVIR,,,,,,,,Y,N,5,2.5,
SOAPdenovo-Trans,https://doi.org/10.1093/bioinformatics/btu077,Transcriptome assembly,2014,N,N,Y,N,N,N,N,N,N,N,Y,0,0,0,0,0,2,0,0,0,0,0,0.1666666667,1,Y,N,N,https://sourceforge.net/projects/soapdenovotrans/,N,"https://sourceforge.net/projects/soapdenovotrans/, https://github.com/aquaskyline/SOAPdenovo-Trans",,,https://biocontainers.pro/tools/soapdenovo-trans,,,,,Y,GPL-3.0 license,1045,95,
Trans-ABySS,https://doi.org/10.1038/nmeth.1517,Transcriptome assembly,2010,N,N,Y,N,N,N,N,N,N,Y,Y,17,0,0,0,0,7,1.133333333,0,0,0,0,0.4375,"1,3",Y,N,Y,http://www.bcgsc.ca/platform/bioinfo/software/,N,https://github.com/bcgsc/transabyss,,,https://biocontainers.pro/tools/transabyss,,,,https://www.bcgsc.ca/resources/software/trans-abyss,Y,"Copyright 2018 BC Cancer, GNU General public license V3",1229,81.93333333,
transXpress,https://doi.org/10.1186/s12859-023-05254-8,Transcriptome assembly,2023,N,N,Y,N,N,N,N,N,N,Y,N,0,0,0,0,0,1,0,0,0,0,0,0.3333333333,"1,3",Y,N,Y,https://github.com/transXpress/transXpress,N,https://github.com/transXpress/transXpress,,,https://hub.docker.com/r/cgpu/transxpress,,,,,N,GPL3,10,5,
Flye / Metaflye,doi.org/10.1038/s41592-020-00971-x https://doi.org/10.1038/s41587-019-0072-8,Transcriptome assembly,2019,Y,Y,Y,Y,Y,N,N,N,N,Y,Y,0,25,0,0,0,29,0,3.571428571,0,0,0,4.142857143,"1,2,3",Y,Y,Y,https://github.com/mikolmogorov/Flye,N,https://github.com/mikolmogorov/Flye,https://anaconda.org/bioconda/flye,,https://hub.docker.com/r/nanozoo/flye,,,,,Y,"Copyright, BSD-3-Clause License",4773,795.5,
PsiCLASS,https://doi.org/10.1038/s41467-019-12990-0,Transcriptome assembly,2019,N,N,Y,N,Y,N,N,N,N,Y,Y,4,17,0,0,0,4,0.6,2.8,0,0,0,0.6,"1,2,3",Y,Y,Y,https://github.com/splicebox/PsiCLASS,N,https://github.com/splicebox/PsiCLASS,https://anaconda.org/bioconda/psiclass,,https://hub.docker.com/r/sagnikbanerjee15/psiclass,,,,,Y,GNU,49,8.1,
NeuralPolish,doi.org/10.1093/bioinformatics/btab354,Transcriptome assembly,2021,N,N,Y,N,N,N,N,N,N,Y,Y,0,0,0,0,0,1,0,0,0,0,0,0.2,"1,3",Y,N,Y,https://github.com/huangnengCSU/NeuralPolish,N,https://github.com/huangnengCSU/NeuralPolish,,,https://hub.docker.com/r/docyauza/neuralpolish-docker,,,,,Y,MIT,25,6.25,
Bridger,http://doi.org/10.1186/s13059-015-0596-2,Transcriptome assembly,2015,N,N,Y,N,N,N,N,N,N,Y,Y,0,0,1,0,0,4,0,0,0.09090909091,0,0,0.3636363636,"1,2,3",Y,Y,Y,https://sourceforge.net/projects/rnaseqassembly/files/?source=navbar,N,https://sourceforge.net/projects/rnaseqassembly/files/?source=navbar,,,https://hub.docker.com/r/ycogne/bridger,https://pypi.org/project/bridger/,,,,Y,"Cufflinks license, Boost Software License V1, Trinity Software License",346,34.6,
IDBA-Tran,http://doi.org/10.1093/bioinformatics/btt219,Transcriptome assembly,2013,N,N,N,N,N,N,N,N,N,N,N,0,0,0,0,0,0,0,0,0,0,0,0,,N,N,N,,N,,,,,,,,,Y,,2011,167.5833333,
Ursa,https://doi.org/10.1093/molbev/msad267,Transcriptome assembly,2023,N,N,Y,N,N,N,N,N,N,N,N,0,0,0,0,0,3,0,0,0,0,0,1,"1,3",Y,N,Y,https://github.com/singlecellomics/ursa,N,https://github.com/singlecellomics/ursa,,,,,,,,N,MIT License,1,0.5,
Scripture,https://doi.org/10.1038/nbt.1633,Transcriptome assembly,2010,N,N,Y,N,N,N,N,N,N,N,N,0,0,0,0,0,0,0,0,0,0,0,0,"1,3",Y,N,Y,http://www.broadinstitute.org/software/Scripture/,N,,,,,,,,https://web.archive.org/web/20230325195745/http://software.broadinstitute.org/software/scripture/?q=download,N,BSD License,1483,98.86666667,
IsoLasso,https://doi.org/10.1089/cmb.2011.0171,Transcriptome assembly,2011,N,N,Y,N,N,N,N,N,N,N,N,1,0,0,0,0,0,0.07142857143,0,0,0,0,0,1,Y,N,N,http://www.cs.ucr.edu/~liw/isolasso.html,N,,,,,,,,http://alumni.cs.ucr.edu/~liw/isolasso.html,Y,GNU Lesser General Public License v 2.1,252,18,
IsoInfer,https://doi.org/10.1089/cmb.2010.0243,Transcriptome assembly,2011,N,N,Y,N,N,N,N,N,N,N,N,9,0,0,0,0,0,0.6428571429,0,0,0,0,0,"1,3",Y,N,Y,https://www.cs.ucr.edu/~jianxing/IsoInfer.html,N,,,,,,,,https://www.cs.ucr.edu/~jianxing/IsoInfer.html,Y,non-commercial usage,118,8.428571429,
Cufflinks,https://doi.org/10.1038/nprot.2012.016,Transcriptome assembly,2012,Y,Y,Y,Y,Y,N,N,N,N,Y,Y,25,1,0,0,0,1,1.923076923,0.07142857143,0,0,0,0.07142857143,"1,2,3",Y,Y,Y,-,N,https://github.com/cole-trapnell-lab/cufflinks,https://anaconda.org/bioconda/cufflinks,,https://hub.docker.com/r/stevelee/cufflinks,,,,https://cole-trapnell-lab.github.io/cufflinks/,N,Boost Software License,13314,1024.153846,
Oases,https://doi.org/10.1093/bioinformatics/bts094,Transcriptome assembly,2012,N,N,Y,N,Y,N,N,N,N,Y,Y,0,1,0,0,0,1,0,0.07142857143,0,0,0,0.07142857143,"1,2,3",Y,Y,Y,http://www.ebi.ac.uk/~zerbino/oases/,Y,https://github.com/dzerbino/oases,https://anaconda.org/bioconda/oases,,https://hub.docker.com/r/ycogne/oases,,,,,Y,GPL3,1745,134.2307692,
NSMAP,doi.org/10.1186/1471-2105-12-162,Transcriptome assembly,2011,N,N,N,N,N,N,N,N,N,N,N,0,0,0,0,0,0,0,0,0,0,0,0,,N,N,N,https://sites.google.com/site/nsmapforrnaseq,N,,,,,,,,,Y,N,56,4,
BRANCH,https://doi.org/10.1093/bioinformatics/btt127,Transcriptome assembly,2013,N,N,Y,N,N,N,N,N,N,N,N,0,0,0,0,0,1,0,0,0,0,0,0.07692307692,"1,3",Y,N,Y,https://manuals.bioinformatics.ucr.edu/home/branch,Y,https://github.com/baoe/BRANCH,,,,,,,https://manuals.bioinformatics.ucr.edu/home/branch (link doesn't work anymore) https://help.rc.ufl.edu/doc/BRANCH,Y,Artistic 2.0,44,3.666666667,
EBARDenovo,https://doi.org/10.1093/bioinformatics/btt092,Transcriptome assembly,2013,N,N,Y,N,N,N,N,N,N,N,N,0,0,0,0,0,2,0,0,0,0,0,0.1538461538,"1,3",Y,N,Y,https://sourceforge.net/projects/ebardenovo/,N,https://sourceforge.net/projects/ebardenovo/,,,,,,,,Y,Common Public License 1.0,49,4.083333333,
Trinity,https://doi.org/10.1038/nbt.1883,Transcriptome assembly,2011,Y,Y,Y,N,Y,N,N,N,N,Y,Y,0,17,0,0,0,36,0,1.133333333,0,0,0,2.4,"1,2,3",Y,Y,Y,http://trinityrnaseq.sourceforge.net/,Y,https://github.com/trinityrnaseq/trinityrnaseq?tab=readme-ov-file,https://anaconda.org/bioconda/trinity,,https://hub.docker.com/r/trinityrnaseq/trinityrnaseq,,,,,Y,"BSD-3-Clause License
  + has an additional license page on github (Broad Institute...)",18275,1305.357143,
Bridger,https://doi.org/10.1186/s13059-015-0596-2,Transcriptome assembly,2015,N,N,Y,N,N,N,N,N,N,N,Y,0,0,0,0,0,4,0,0,0,0,0,0.3636363636,"1,3",Y,N,Y,https://sourceforge.net/projects/rnaseqassembly/files/?source=navbar,N,https://sourceforge.net/projects/rnaseqassembly/files/?source=navbar OR https://github.com/fmaguire/Bridger_Assembler,,,https://hub.docker.com/r/ycogne/bridger,,,,,Y,GPL2,345,34.5,
Traph,https://doi.org/10.1186/1471-2105-14-S5-S15,Transcriptome quantification,2013,N,N,Y,N,N,N,N,N,N,N,N,1,0,0,0,0,0,0.08333333333,0,0,0,0,0,0,N,N,N,http://www.cs.helsinki.fi/gsa/traph/,Y,n,n,,n,n,n,n,n,Y,n,109,9.083333333,
EMSAR,https://doi.org/10.1186/s12859-015-0704-z,Transcriptome quantification,2015,N,N,Y,N,N,N,N,N,N,Y,Y,0,0,0,0,0,2,0,0,0,0,0,0.1818181818,"1,3",Y,N,Y,https://github.com/parklab/emsar,N,https://github.com/parklab/emsar,,,https://hub.docker.com/r/duplexa/emsar,,,,,Y,No License,20,2,
Sailfish,https://doi.org/10.1038/nbt.2862,Transcriptome quantification,2014,N,N,Y,N,Y,N,N,N,N,Y,Y,1,3,0,0,0,25,0.09090909091,0.25,0,0,0,2.083333333,"1,2",Y,Y,N,https://www.cs.cmu.edu/~ckingsf/software/sailfish/,N,https://github.com/kingsfordgroup/sailfish,https://anaconda.org/bioconda/sailfish,,https://biocontainers.pro/tools/sailfish,,,,https://www.cs.cmu.edu/~ckingsf/software/sailfish/,Y,GPL3,802,72.90909091,Yes
Maxcounts,https://doi.org/10.1186/1471-2105-15-s1-s7,Transcriptome quantification,2014,N,N,Y,N,N,N,N,N,B,N,N,0,0,0,0,0,1,0,0,0,0,0,0.08333333333,"1,3",Y,N,Y,https://gitlab.com/sysbiobig/maxcounts/,N,https://gitlab.com/sysbiobig/maxcounts/,,,,,,,https://sysbiobig.dei.unipd.it/software/maxcounts/,Y,GPL2,61,5.545454545,
MelonnPan,https://doi.org/10.1038/s41467-019-10927-1,Transcriptome quantification,2019,N,N,Y,N,N,N,N,N,N,Y,Y,1,0,0,0,0,1,0.1666666667,0,0,0,0,0.1428571429,"1,3",Y,N,Y,https://huttenhower.sph.harvard.edu/melonnpan,N,https://github.com/biobakery/melonnpan,,,https://hub.docker.com/r/biobakery/melonnpan,,,,https://huttenhower.sph.harvard.edu/melonnpan,N,MIT License,253,42.16666667,
ASEQ,http://doi.org/10.1186/s12920-015-0084-2,Transcriptome quantification,2015,N,N,Y,N,N,N,N,N,N,Y,N,0,0,0,0,0,1,0,0,0,0,0,0.09090909091,"1,3",Y,N,Y,http://demichelislab.unitn.it/ASEQ,N,https://bitbucket.org/CibioBCG/aseq/src/master/,,,,,,,,Y,MIT License,78,7.8,
TrueSight,http://doi.org/10.1093/nar/gks1311,Transcriptome quantification,2013,N,N,Y,N,N,N,N,N,N,Y,N,1,0,0,0,0,0,0.08333333333,0,0,0,0,0,1,Y,N,N,http://bioen-compbio.bioen.illinois.edu/TrueSight/,Y,,,,,,,,https://web.archive.org/web/20180103134902/http://bioen-compbio.bioen.illinois.edu/TrueSight/,Y,The GNU General Public License v3.0,44,3.666666667,
eXpress,https://www.nature.com/articles/nmeth.2251,Transcriptome quantification,2013,Y,N,Y,N,N,N,N,N,N,Y,N,1,0,0,0,0,0,0.08333333333,0,0,0,0,0,0,N,N,N,http://bio.math.berkeley.edu/eXpress/,Y,n,n,,n,n,n,https://manpages.ubuntu.com/manpages/bionic/man1/,n,Y,n,1115,92.91666667,
Cufflinks-Bias,10.1186/gb-2011-12-3-r22,Transcriptome quantification,2011,N,N,Y,N,N,N,N,N,N,N,N,1,0,0,0,0,0,0.07142857143,0,0,0,0,0,0,N,N,N,https://math.berkeley.edu/cufflinks/,Y,n,n,,n,n,n,https://math.berkeley.edu/cufflinks/,n,Y,"Boost Software License, version 1.0.",1135,81.07142857,
IsoEM,10.1186/1748-7188-6-9,Transcriptome quantification,2011,N,N,Y,N,N,N,N,N,N,N,N,1,0,0,0,0,0,0.07142857143,0,0,0,0,0,0,N,N,N,https://dna.engr.uconn.edu/software/IsoEM/,Y,n,n,,n,n,n,n,https://dna.engr.uconn.edu/software/IsoEM/,N,,102,7.285714286,
SLIDE,https://doi.org/10.1073/pnas.1113972108,Transcriptome quantification,2011,N,N,Y,N,N,N,N,N,N,N,N,1,0,0,0,0,0,0.07142857143,0,0,0,0,0,0,N,N,N,https://sites.google.com/site/jingyijli/SLIDE.zip,Y,n,n,,n,n,n,n,n,Y,n,195,13.92857143,
EDASeq,https://doi.org/10.1186/1471-2105-12-480,Transcriptome quantification,2011,N,N,Y,N,Y,Y,N,N,N,N,Y,0,1,0,0,28,0,0,0.06666666667,0,0,1.866666667,0,"1,2,3",Y,Y,Y,http://www.bioconductor.org,N,https://github.com/drisso/EDASeq,https://anaconda.org/bioconda/bioconductor-edaseq,,https://hub.docker.com/r/thugenomefacility/edaseq,N,https://bioconductor.org/packages/release/bioc/html/EDASeq.html,N,N,N,Artistic-2.0,1131,80.78571429,
TPMCalculator,https://doi.org/10.1093/bioinformatics/bty896,Transcriptome quantification,2019,N,N,Y,N,Y,N,N,N,N,N,Y,6,21,0,0,0,6,0.9,3,0,0,0,0.9,"1,2,3",Y,Y,Y,https://github.com/ncbi/TPMCalculator,N,https://github.com/ncbi/TPMCalculator,https://anaconda.org/bioconda/tpmcalculator,,https://hub.docker.com/r/biocontainers/tpmcalculator,,,,,Y,Free,222,31.71428571,
RSEM,https://doi.org/10.1186/1471-2105-12-323,Transcriptome quantification,2011,Y,Y,Y,N,Y,N,N,N,N,Y,Y,1,7,0,0,0,14,0.07142857143,0.4666666667,0,0,0,0.9333333333,"1,2,3",Y,Y,Y,http://deweylab.biostat.wisc.edu/rsem,N,https://github.com/deweylab/RSEM,https://anaconda.org/bioconda/RSEM,,https://biocontainers.pro/tools/rsem,,,,http://deweylab.biostat.wisc.edu/rsem,Y,GNU General Public License Version 3+,20382,1455.857143,
Ht-seq,https://doi.org/10.1093/bioinformatics/btu638,Transcriptome quantification,2015,Y,Y,Y,Y,Y,N,N,Y,N,N,Y,0,18,83,0,0,0,0,1.636363636,7.545454545,0,0,0,"1,2,3",Y,Y,Y,https://pypi.org/project/HTSeq/ AND https://www-huber.embl.de/HTSeq,N,https://github.com/htseq/htseq,https://anaconda.org/bioconda/htseq,,https://hub.docker.com/r/biocontainers/htseq,https://pypi.org/project/htseq,,,ttps://www-huber.embl.de/HTSeq,N,GPL3,20749,2074.9,
BAMScale,"https://doi.org/10.1186/s13072-020-00343-x

",Transcriptome quantification,2020,N,N,Y,N,Y,N,N,N,N,Y,Y,8,26,0,0,0,8,1.6,5.2,0,0,0,1.6,"1,2,3",Y,Y,Y,https://github.com/ncbi/BAMscale,N,https://github.com/ncbi/BAMscale,https://anaconda.org/bioconda/bamscale,,https://hub.docker.com/r/truwl/bamscale,,,,,Y,Free,64,12.8,
Scran,doi:10.12688/f1000research.9501.2,Transcriptome quantification,2016,Y,N,Y,N,Y,Y,N,N,N,N,N,0,41,0,0,0,1,0,4.1,0,0,0,0.1,"1,2,3",Y,Y,Y,https://bioconductor.org/packages/release/bioc/html/scran.html,N,https://github.com/MarioniLab/scran/,https://anaconda.org/bioconda/bioconductor-scran,,n,n,https://bioconductor.org/packages/release/bioc/html/scran.html,n,n,N,n,1675,186.1111111,
Rcount,https://doi.org/10.1093/bioinformatics/btu680,Transcriptome quantification,2015,N,N,Y,N,N,N,N,N,N,N,N,0,0,0,0,0,1,0,0,0,0,0,0.09090909091,"1,3",Y,N,Y,https://github.com/MWSchmid/Rcount,N,https://github.com/MWSchmid/Rcount,,,,,,,,N,GPL3,42,4.2,Yes
BBSeq,https://doi.org/10.1093/bioinformatics/btr449,Transcriptome quantification,2011,N,N,Y,N,N,N,N,N,N,N,N,1,0,0,0,0,0,0.07142857143,0,0,0,0,0,"1,2",Y,Y,N,https://www.bios.unc.edu/research/genomic_software/BBSeq/,N,n,n,,n,n,n,https://www.bios.unc.edu/research/genomic_software/BBSeq/,n,N,n,115,8.214285714,
Kallisto,https://doi.org/10.1038/nbt.3519,Transcriptome quantification,2016,Y,Y,Y,Y,Y,N,N,Y,H,Y,Y,13,15,9,0,0,20,1.444444444,1.5,0.9,0,0,2,"1,2,3",Y,Y,Y,http://pachterlab.github.io/kallisto/,N,https://github.com/pachterlab/kallisto,https://anaconda.org/bioconda/kallisto,,https://hub.docker.com/r/zlskidmore/kallisto OR https://hub.docker.com/r/kapeel/kallisto_wrapper,https://pypi.org/project/kallisto/,,https://formulae.brew.sh/formula/kallisto,https://pachterlab.github.io/kallisto/download.html,Y,BDS-2-Clause License,9082,1009.111111,
CEM,https://doi.org/10.1093/bioinformatics/bts559,Transcriptome quantification,2012,N,N,Y,N,N,N,N,N,N,N,N,1,0,0,0,0,0,0.07692307692,0,0,0,0,0,1,Y,N,N,http://www.cs.ucr.edu/~liw/cem.html,N,,,,,,,,http://www.cs.ucr.edu/~liw/cem.html,Y,N,103,7.923076923,
ERANGE,https://doi.org/10.1038/nmeth.1226,Transcriptome quantification,2009,N,N,Y,N,N,N,N,N,N,N,N,1,0,0,0,0,1,0.0625,0,0,0,0,0.05882352941,3,N,N,Y,https://woldlab.caltech.edu/rnaseq,N,https://woldlab.caltech.edu/gitweb/?p=erange.git;a=summary,n,,n,n,n,n,n,N,n,15478,967.375,
IsoTools,https://doi.org/10.1093/bioinformatics/btad364,Transcriptome quantification,2023,N,N,Y,N,N,N,N,Y,N,N,N,1,0,0,0,0,11,0.5,0,0,0,0,3.666666667,"1,2,3",Y,Y,Y,https://isotools.readthedocs.io/,N,https://github.com/MatthiasLienhard/isotools,N,,N,https://pypi.org/project/isotools/,N,N,N,Y,MIT License,16,8,
Scanpy,https://doi.org/10.1186/s13059-017-1382-0,Transcriptome quantification,2018,Y,Y,Y,N,Y,N,N,Y,N,Y,Y,0,21,85,0,0,90,0,2.625,10.625,0,0,11.25,"1,2,3",Y,Y,Y,https://github.com/theislab/Scanpy,N,https://github.com/theislab/Scanpy,"https://anaconda.org/conda-forge/scanpy
  https://anaconda.org/bioconda/scanpy",,https://biocontainers.pro/tools/scanpy,https://pypi.org/project/scanpy/,,,,Y,BSD-3-Clause license,6621,945.8571429,
Featurecounts,https://doi.org/10.1093/bioinformatics/btt656,Transcriptome quantification,2014,N,N,N,N,N,N,N,N,N,N,N,0,0,0,0,0,0,0,0,0,0,0,0,,N,N,N,,N,,,,,,,,,N,N,,,
MITIE,https://doi.org/10.1093/bioinformatics/btt442,Transcriptome quantification,2013,N,N,Y,N,N,N,N,N,N,Y,N,0,0,0,0,0,1,0,0,0,0,0,0.07692307692,0,N,N,N,http://bioweb.me/mitie,Y,https://github.com/ratschlab/MiTie,,,,,,,,Y,GPL 3+,78,6.5,
MISO,10.1038/nmeth.1528,Transcriptome quantification,2010,N,N,Y,N,Y,N,N,Y,N,N,Y,0,1,18,0,0,1,0,0.0625,1.125,0,0,0.0625,"1,2,3",Y,Y,Y,http://genes.mit.edu/burgelab/miso,N,https://github.com/yarden/MISO,https://anaconda.org/bioconda/misopy,,https://biocontainers.pro/tools/misopy,https://pypi.org/project/misopy/,,,http://hollywood.mit.edu/burgelab/miso/,Y,GPL2,1570,104.6666667,
IQSeq,https://doi.org/10.1371/journal.pone.0029175,Transcriptome quantification,2012,N,N,Y,N,N,N,N,N,N,N,N,1,0,0,0,0,1,0.07692307692,0,0,0,0,0.07142857143,1,Y,N,N,http://archive.gersteinlab.org/proj/rnaseq/IQSeq,N,https://github.com/gersteinlab/IQSeq,,,,,,,http://archive.gersteinlab.org/proj/rnaseq/IQSeq,Y,N,10,0.7692307692,Yes
iReckon,https://doi.org/10.1101/gr.142232.112,Transcriptome quantification,2013,N,N,Y,N,N,N,N,N,N,Y,N,2,0,0,0,0,0,0.1666666667,0,0,0,0,0,1,Y,N,N,http://compbio.cs.toronto.edu/ireckon,N,,,,,,,,http://compbio.cs.toronto.edu/ireckon,Y,"Apache License, Version 2.0",166,13.83333333,
SAMMate,https://doi.org/10.1186/1751-0473-6-2,Transcriptome quantification,2011,N,N,N,N,N,N,N,N,N,Y,N,0,0,0,0,0,1,0,0,0,0,0,0.06666666667,"1,3",Y,N,Y,https://sammate.sourceforge.net/,N,https://sammate.sourceforge.net/,,,,,,,,Y,GNU General Public License Version 2,76,5.428571429,
RiboCode,http://doi.org/10.1093/nar/gky179,Transcriptome quantification,2018,N,N,Y,N,Y,N,N,Y,N,Y,Y,0,10,19,0,0,6,0,1.25,2.375,0,0,0.75,"1,2,3",Y,Y,Y,"https://pypi.python.org/pypi/RiboCode,http://anaconda.org/bioconda/ribocode,http://github.com/xryanglab/RiboCode",N,https://github.com/xryanglab/RiboCode,https://anaconda.org/bioconda/Ribocode,,https://biocontainers.pro/tools/ribocode,https://pypi.org/project/Ribocode,,,,Y,MIT,130,18.57142857,
rQuant.web,https://pmc.ncbi.nlm.nih.gov/articles/PMC2896134/,Transcriptome quantification,2009,Y,Y,N,N,N,N,N,N,N,N,N,1,0,0,0,0,0,0.0625,0,0,0,0,0,3,N,N,Y,https://galaxy.inf.ethz.ch/,N,n,n,,n,n,n,n,n,N,n,101,6.3125,
SOLAS,https://doi.org/10.1093/nar/gkq041,Transcriptome quantification,2010,N,N,Y,N,N,N,Y,N,N,N,N,1,0,0,0,0,0,0.06666666667,0,0,0,0,0,1,Y,N,N,https://cmb.molgen.mpg.de/2ndGenerationSequencing/Solas/,N,N,N,,N,N,N,N,N,N,N,213,14.2,
MMSEQ,https://doi.org/10.1186/gb-2011-12-2-r13,Transcriptome quantification,2017,Y,N,Y,N,N,N,N,N,Y,Y,N,1,0,0,0,0,13,0.125,0,0,0,0,1.444444444,1,Y,N,N,https://bgx.org.uk/software/mmseq.html,N,https://github.com/eturro/mmseq#mmseq-transcript-and-gene-level-expression-analysis-using-multi-mapping-rna-seq-reads,N,,N,N,N,https://formulae.brew.sh/formula/mmseqs2#default,N,Y,GPL 2.0,310,38.75,
RNA-combine,https://doi.org/10.1186/s12859-021-04549-y,Transcriptome quantification,2022,N,N,Y,N,N,N,N,N,N,N,N,0,0,0,0,0,1,0,0,0,0,0,0.25,"1,2",Y,Y,N,https://github.com/dongxuemin666/RNA-combine,N,https://github.com/dongxuemin666/RNA-combine,N,,N,N,N,N,N,Y,MIT License,4,1.333333333,Yes
Casper,https://doi.org/10.1214/13-aoas687,Transcriptome quantification,2014,N,N,Y,N,N,Y,N,N,N,Y,N,0,0,0,0,24,0,0,0,0,0,2,0,"1,2,3",Y,Y,Y,https://www.bioconductor.org/packages/release/bioc/html/casper.html,N,,,,https://biocontainers.pro/tools/bioconductor-casper,,https://www.bioconductor.org/packages/release/bioc/html/casper.html,,,Y,GPL (>=2),,,Yes
LIQA,https://doi.org/10.1186/s13059-021-02399-8,Transcriptome quantification,2021,N,N,Y,N,Y,N,N,Y,N,N,Y,0,1,23,0,0,3,0,0.2,4.6,0,0,0.6,"1,2,3",Y,Y,Y,https://github.com/WGLab/LIQA,N,https://github.com/WGLab/LIQA,https://anaconda.org/bioconda/LIQA,,https://hub.docker.com/r/ajslee/liqa,https://pypi.org/project/liqa/,,,,Y,GPLv3,75,18.75,
FIXSEQ,https://doi.org/10.1371/journal.pcbi.1003494,Transcriptome quantification,2014,N,N,Y,N,N,N,N,N,N,N,N,0,0,0,0,0,0,0,0,0,0,0,0,"1,3",Y,N,Y,https://cgs.csail.mit.edu/fixseq,Y,https://bitbucket.org/thashim/fixseq/src/master/,,,,,,,https://cgs.csail.mit.edu/fixseq,N,GPL,21,1.909090909,
NanoCount,https://pmc.ncbi.nlm.nih.gov/articles/PMC8886870/,Transcriptome quantification,2021,N,N,Y,N,Y,N,N,Y,N,N,Y,0,1,25,0,0,25,0,0.2,5,0,0,5,"1,2",Y,Y,N,https://github.com/a-slide/NanoCount,N,https://github.com/a-slide/NanoCount,https://anaconda.org/bioconda/nanocount/files,,https://hub.docker.com/r/tleonardi/nanocount,https://pypi.org/project/NanoCount/,n,n,n,N,MIT,90,22.5,
SLaP mapper,https://www.sciencedirect.com/science/article/pii/S0166685114000905,Transcriptome quantification,2014,Y,Y,N,N,N,N,N,N,N,N,N,1,0,0,0,0,0,0.09090909091,0,0,0,0,0,"1,3",Y,N,Y,http://www.stevekellylab.com/software/slap,N,n,n,,n,n,n,n,http://www.stevekellylab.com/software/slap,N,n,12,1.090909091,
TALON,https://doi.org/10.1101/672931,Transcriptome quantification,2019,N,N,Y,N,Y,N,N,N,N,Y,Y,0,4,0,0,0,18,0,0.5714285714,0,0,0,2.571428571,"1,2,3",Y,Y,Y,https://github.com/mortazavilab/TALON,N,https://github.com/mortazavilab/TALON,https://anaconda.org/bioconda/talon,,https://hub.docker.com/r/biocontainers/talon,,,,,Y,MIT,121,20.16666667,
Salmon,https://doi.org/10.1038/nmeth.4197,Transcriptome quantification,2017,N,N,Y,Y,Y,N,N,N,N,Y,Y,0,39,0,0,0,46,0,4.333333333,0,0,0,5.111111111,"1,2,3",Y,Y,Y,https://github.com/COMBINE-lab/Salmon,N,https://github.com/COMBINE-lab/Salmon,https://github.com/COMBINE-lab/Salmon,,https://hub.docker.com/r/biocontainers/salmon OR https://hub.docker.com/r/kapeel/ubuntu-salmon,,,,,Y,GPL3,9840,1230,Yes
Wub,https://www.nature.com/articles/nmeth.4577#Sec8,Transcriptome quantification,2018,N,N,Y,N,Y,N,N,N,N,N,N,0,6,0,0,0,1,0,0.75,0,0,0,0.125,"1,2",Y,Y,N,https://github.com/nanoporetech/wub,N,https://github.com/nanoporetech/wub,https://anaconda.org/bioconda/wub,,,,,,,N,Mozilla Public License 2.0,1136,162.2857143,
VirHostMatcher-Net,https://doi.org/10.1093/nargab/lqaa044,Viral detection,2020,N,N,Y,N,Y,N,N,N,N,N,N,0,3,0,0,0,1,0,0.5,0,0,0,0.1666666667,"1,2,3",Y,Y,Y,https://github.com/WeiliWw/VirHostMatcher-Net,N,https://github.com/WeiliWw/VirHostMatcher-Net,https://anaconda.org/HCC/virhostmatcher-net/files,,n,n,n,n,n,N,GNU General Public License,107,21.4,Remove this tool
MetaPORE,https://doi.org/10.1186/s13073-015-0220-9,Viral detection,2015,N,N,Y,N,N,N,N,N,N,N,N,0,0,0,0,0,1,0,0,0,0,0,0.09090909091,,N,N,N,https://github.com/chiulab/MetaPORE?tab=readme-ov-file,N,https://github.com/chiulab/MetaPORE,,,,,,,,N,UCSF license for academic and non-profit use,595,59.5,
FastViFi,https://doi.org/10.1093/nargab/lqac032,Viral detection,2022,N,N,Y,N,N,N,N,N,N,Y,Y,0,0,0,0,0,1,0,0,0,0,0,0.25,"1,3",Y,N,Y,https://github.com/sara-javadzadeh/FastViFi,N,https://github.com/sara-javadzadeh/FastViFi,,,https://hub.docker.com/r/sarajava/fastvifi,,,,,Y,GPL3,4,1.333333333,
RNA CoMPASS,https://doi.org/10.1371/journal.pone.0089445,Viral detection,2014,Y,N,Y,N,N,N,N,N,N,N,N,0,0,0,0,0,2,0,0,0,0,0,0.1666666667,"1,3",Y,N,Y,https://rnacompass.sourceforge.net/,N,https://rnacompass.sourceforge.net/ and https://sourceforge.net/projects/rnacompass/,n,,n,n,n,n,n,N,n,104,9.454545455,
Viral-Track,10.1016/j.cell.2020.05.006,Viral detection,2020,N,N,Y,N,N,N,N,N,N,Y,N,0,0,0,0,0,1,0,0,0,0,0,0.1666666667,"1,3",Y,N,Y,https://github.com/PierreBSC/Viral-Track,N,https://github.com/PierreBSC/Viral-Track,n,,n,n,n,n,n,N,MIT,509,101.8,
VirusSeq,https://doi.org/10.1093/bioinformatics/bts665,Viral detection,2013,N,N,Y,N,N,N,N,N,N,N,N,1,0,0,0,0,0,0.08333333333,0,0,0,0,0,1,Y,N,N,https://odin.mdacc.tmc.edu/~xsu1/VirusSeq.html,N,n,n,,n,n,n,https://odin.mdacc.tmc.edu/~xsu1/VirusSeq.html,n,N,n,152,12.66666667,
ROP,https://doi.org/10.1186/s13059-018-1403-7,Viral detection,2018,N,N,Y,N,N,N,N,N,N,N,N,0,0,0,0,0,4,0,0,0,0,0,0.5,"1,3",Y,N,Y,https://github.com/smangul1/rop,N,https://github.com/smangul1/rop,n,,n,n,n,n,n,N,gpl 3,59,8.428571429,
VirusFinder,https://doi.org/10.1371/journal.pone.0064465,Viral detection,2013,N,N,Y,N,N,N,N,N,N,Y,N,1,0,0,0,0,0,0.08333333333,0,0,0,0,0,1,Y,N,N,https://bioinfo.mc.vanderbilt.edu/VirusFinder/,Y,n,n,,n,n,n,https://bioinfo.mc.vanderbilt.edu/VirusFinder/,n,Y,n,147,12.25,
Strainline,doi.org/10.1186/s13059-021-02587-6,Viral detection,2022,N,N,Y,N,N,N,N,N,N,Y,Y,0,0,0,0,0,1,0,0,0,0,0,0.25,"1,3",Y,N,Y,https://github.com/HaploKit/Strainline,N,https://github.com/HaploKit/Strainline,,,https://hub.docker.com/r/evolbioinfo/strainline,,,,,Y,GPL3,37,11,Y
ViralVerify,10.1093/bioinformatics/btaa490,Viral detection,2020,N,N,Y,N,Y,N,N,Y,N,N,N,0,1,1,0,0,1,0,0.1666666667,0.1666666667,0,0,0.1666666667,"1,2,3",Y,Y,Y,https://github.com/ablab/viralVerify,N,https://github.com/ablab/viralVerify,https://anaconda.org/bioconda/viralverify,,n,https://pypi.org/project/viral-verify/,n,n,n,Y,MIT,231,46.2,
Venus,10.1371/journal.pcbi.1010636,Viral detection,2022,N,N,Y,N,N,N,N,N,N,Y,N,0,0,0,0,0,1,0,0,0,0,0,0.25,"1,3",Y,N,Y,https://github.com/aicb-ZhangLabs/Venus,N,https://github.com/aicb-ZhangLabs/Venus,n,,n,n,n,n,n,N,n,6,2,
DVsc,https://doi.org/10.1093/gpbjnl/qzad007,Viral detection,2024,Y,N,Y,Y,N,N,N,N,N,N,N,1,0,0,0,0,0,1,0,0,0,0,0,"1,3",Y,N,Y,http://62.234.32.33:5000/DVsc,"N FOR GUI, BUT Y BROKEN FOR DOWNLOADING THE SOURCE CODE",,,,,,,,http://62.234.32.33:5000/DVsc,Y,No License,1,1,
ViFi,10.1093/nar/gky180,Viral detection,2018,N,N,Y,N,N,N,N,N,N,N,N,0,0,0,0,0,1,0,0,0,0,0,0.125,"1,3",Y,N,Y,http://github.com/namphuon/ViFi,N,http://github.com/namphuon/ViFi,n,,n,n,n,n,n,Y,GPL 3,55,7.857142857,
ViralFusionSeq,https://doi.org/10.1093/bioinformatics/btt011,Viral detection,2013,N,N,Y,N,N,N,N,N,N,N,Y,1,0,0,0,0,1,0.08333333333,0,0,0,0,0.07692307692,"1,3",Y,N,Y,http://www.hkbic.cuhk.edu.hk/software/viralfusionseq/,N,https://github.com/TF-Chan-Lab/ViralFusionSeq,n,,n,n,n,n,n,N,GPL 3,74,6.166666667,
ReadXplorer 2,https://doi.org/10.1093/bioinformatics/btw541,Visualization tools,2016,Y,N,N,N,N,N,N,N,N,N,N,1,0,0,0,0,0,0.1111111111,0,0,0,0,0,0,N,N,N,https://www.uni-giessen.de/de/fbz/fb08/Inst/bioinformatik/software/ReadXplorer,N,0,0,,0,0,0,0,0,N,N,79,8.777777778,
ScisorWiz,https://doi.org/10.1093/bioinformatics/btac340,Visualization tools,2022,N,N,Y,N,N,N,N,N,N,N,N,0,0,0,0,0,1,0,0,0,0,0,0.25,1,Y,N,N,https://github.com/ans4013/ScisorWiz,N,https://github.com/ans4013/ScisorWiz,,,,,,,,N,No license,19,6.333333333,
clusterProfiler 4.0,https://doi.org/10.1016/j.xinn.2021.100141,Visualization tools,2021,N,N,Y,N,N,Y,N,N,N,N,N,0,0,0,0,0,1,0,0,0,0,0,0.2,"1,2,3",Y,Y,Y,"https://github.com/GuangchuangYu/enrichment4GTEx_clusterProfiler
  https://bioconductor.org/packages/release/bioc/html/clusterProfiler.html",N,https://github.com/GuangchuangYu/enrichment4GTEx_clusterProfiler,,,https://biocontainers.pro/tools/bioconductor-clusterprofiler,,https://bioconductor.org/packages/release/bioc/html/clusterProfiler.html,,,N,Artistic-2.0,9419,2354.75,
SplicingViewer,https://doi.org/10.1016/j.ygeno.2011.12.003,Visualization tools,2012,N,N,Y,N,N,N,N,N,N,N,N,0,0,0,0,0,0,0,0,0,0,0,0,N/A due to broken link,N,N,N,http://bioinformatics.zj.cn/splicingviewer,Y,,,,,,,,http://www.wzgenomics.cn/SplicingViewer/index.php (also broken link),N,N/A due to broken link,39,3,
BEAVR,https://doi.org/10.1186/s12859-020-03549-8,Visualization tools,2020,N,N,N,N,N,N,N,N,N,N,Y,0,0,0,0,0,1,0,0,0,0,0,0.1666666667,"1,3",Y,N,Y,"https://github.com/developerpiru/BEAVR
  https://hub.docker.com/r/pirunthan/beavr",N,https://github.com/developerpiru/BEAVR,,,https://hub.docker.com/r/pirunthan/beavr,,,,,N,GPL-3.0,22,4.4,
coseq,https://doi.org/10.1093/bib/bbw128,Visualization tools,2018,N,N,Y,N,N,Y,N,N,N,Y,Y,0,0,0,0,16,1,0,0,0,0,2,0.125,"1,2,3",Y,Y,Y,,N,https://github.com/andreamrau/coseq,,,https://biocontainers.pro/tools/bioconductor-coseq,,https://www.bioconductor.org/packages/release/bioc/html/coseq.html,,,N,GPL-3,92,13.14285714,
ZENBU,https://doi.org/10.1038/nbt.2840,Visualization tools,2014,Y,N,N,N,N,N,N,N,N,N,N,1,0,0,0,0,0,0.09090909091,0,0,0,0,0,"1,3",Y,N,Y,https://fantom.gsc.riken.jp/zenbu/,N,n,n,,n,n,n,n,https://fantom.gsc.riken.jp/zenbu/,N,N,127,11.54545455,
Sashimi plots,https://doi.org/10.1093/bioinformatics/btv034,Visualization tools,2015,N,N,Y,N,N,N,N,N,N,N,N,1,0,0,0,0,0,0.1,0,0,0,0,0,1,Y,N,N,https://miso.readthedocs.io/en/fastmiso/sashimi.html#installation,N,n,n,,n,n,n,https://miso.readthedocs.io/en/fastmiso/sashimi.html#installation,n,N,N,163,16.3,
SplicePlot,https://doi.org/10.1093/bioinformatics/btt733,Visualization tools,2014,N,N,Y,N,N,N,N,N,N,N,N,1,0,0,0,0,0,0.09090909091,0,0,0,0,0,0,N,N,N,https://med.stanford.edu/montgomerylabspliceplot.html,Y,n,n,,n,n,n,https://med.stanford.edu/montgomerylabspliceplot.html,n,N,N,16,1.454545455,
ReactomePA,https://doi.org/10.1039/C5MB00663E,Visualization tools,2016,N,N,N,N,N,N,N,N,N,N,N,0,0,0,0,0,0,0,0,0,0,0,0,,N,N,N,,N,,,,,,,,,N,N,,,
IGV / igv.js,https://doi.org/10.1038/nbt.1754 https://academic.oup.com/bib/article/14/2/178/208453 https://aacrjournals.org/cancerres/article/77/21/e31/662624/Variant-Review-with-the-Integrative-Genomics https://academic.oup.com/bioinformatics/article/39/1/btac830/6958554,Visualization tools,2011,Y,N,Y,Y,Y,N,N,Y,Y,N,Y,12,49,8,0,0,245,0.8571428571,3.266666667,0.5333333333,0,0,16.33333333,"1,2,3",Y,Y,Y,http://www.broadinstitute.org/igv/,N,https://github.com/igvteam/igv,https://anaconda.org/bioconda/IGV,,https://biocontainers.pro/tools/bioconductor-igvr and https://biocontainers.pro/tools/igv and https://biocontainers.pro/tools/igvtools,https://pypi.org/project/igv/,,https://formulae.brew.sh/formula/igv,https://igv.org/app/ https://igv.org/doc/desktop/,N,MIT,25734,1838.142857,
PrimerSeq,https://doi.org/10.1016/j.gpb.2014.04.001,Visualization tools,2014,Y,N,N,N,N,N,N,N,N,N,N,1,0,0,0,0,2,0.09090909091,0,0,0,0,0.1666666667,"1,3",Y,N,Y,https://primerseq.sourceforge.net/,N,https://github.com/ctokheim/PrimerSeq,0,,0,0,0,0,0,N,N,18,1.636363636,
Cellar,doi.org/10.1038/s41467-022-29744-0,Visualization tools,2022,Y,N,Y,Y,N,N,N,N,N,Y,Y,0,0,0,0,0,4,0,0,0,0,0,1,"1,3",Y,N,Y,https://github.com/euxhenh/cellar/ and https://cellar.cmu.hubmapconsortium.org/app/cellar,N,https://github.com/euxhenh/cellar/,,,https://hub.docker.com/r/euxhen/cellar,,,,https://cellar.cmu.hubmapconsortium.org/app/cellar,N,MIT,19,6.333333333,
ASTALAVISTA,https://doi.org/10.1093/nar/gkm311,Visualization tools,2007,Y,N,N,N,N,N,N,N,N,N,N,1,0,0,0,0,0,0.05555555556,0,0,0,0,0,0,N,N,N,http://astalavista.sammeth.net/,Y,n,n,,n,n,n,http://astalavista.sammeth.net/,0,N,N,318,17.66666667,
Biomex,doi.org/10.1093/nar/gkaa332,Visualization tools,2020,N,N,N,N,N,N,N,N,N,N,Y,0,0,0,0,0,1,0,0,0,0,0,0.1666666667,"1,3",Y,N,Y,https://www.vibcancer.be/software-tools/biomex.,Y,https://bitbucket.org/ftaverna/biomex,,,https://hub.docker.com/r/krkoo/biomex,,,,https://www.vibcancer.be/software-tools/biomex.,N,No License,62,12.4,
RNASeqViewer,https://doi.org/10.1093/bioinformatics/btt649,Visualization tools,2014,Y,N,N,N,N,N,N,N,N,N,N,1,0,0,0,0,0,0.09090909091,0,0,0,0,0,0,N,N,N,http://bioinfo.au.tsinghua.edu.cn/software/RNAseqViewer/,Y,n,n,,n,n,n,http://bioinfo.au.tsinghua.edu.cn/software/RNAseqViewer/,n,N,N,9,0.8181818182,
ReadXplorer,doi.org/10.1093/bioinformatics/btu205 and https://academic.oup.com/bioinformatics/article/32/24/3702/2525653,Visualization tools,2014,N,N,Y,N,N,N,N,N,N,N,N,0,0,0,0,0,6,0,0,0,0,0,0.5,"1,3",Y,N,Y,http://www.readxplorer.org/,Y,https://github.com/rhilker/ReadXplorer,,,,,,,http://www.readxplorer.org/ and https://www.uni-giessen.de/de/fbz/fb08/Inst/bioinformatik/software/ReadXplorer/documentation,N,GPL3,217,19.72727273,